rank,run,max_retries,discovery_retry_limit,query_builder_retries,schema_summary_retry_limit,batch_size,n_questions,n_answer_evaluable,n_empty_gold_answer_placeholders,execution_accuracy_mean,execution_accuracy_std,execution_accuracy_ci_low,execution_accuracy_ci_high,execution_accuracy_n,f1_score_mean,f1_score_std,f1_score_ci_low,f1_score_ci_high,f1_score_n,discovery_accuracy_mean,discovery_accuracy_std,discovery_accuracy_n,discovery_f1_mean,discovery_f1_std,discovery_f1_n,refinement_attempts_mean,discovery_internal_retries_mean,schema_summary_retries_mean,query_builder_internal_retries_mean,retry_cost_proxy
1,257,9,6,6,9,20,50,50,0,0.82,0.3881,0.7,0.92,50,0.8219,0.3842,0.7038,0.9219,50,0.44,0.5014,50,,,0,1.16,1.84,2.0,2.26,7.26
2,132,7,4,5,9,40,50,50,0,0.8,0.4041,0.68,0.9,50,0.8119,0.386,0.7076,0.91,50,0.32,0.4712,50,,,0,1.04,1.7,1.86,2.54,7.14
3,28,5,4,2,8,40,50,50,0,0.8,0.4041,0.68,0.9,50,0.8019,0.4004,0.6857,0.9019,50,0.42,0.4986,50,,,0,0.74,1.38,1.6,1.7,5.42
4,50,5,6,2,6,40,50,50,0,0.8,0.4041,0.68,0.9,50,0.8019,0.4004,0.6838,0.9019,50,0.38,0.4903,50,,,0,0.9,1.46,1.56,2.0,5.92
5,125,7,4,2,9,20,50,50,0,0.8,0.4041,0.68,0.9,50,0.8019,0.4004,0.6819,0.9019,50,0.1,0.303,50,,,0,0.9,1.68,1.76,1.98,6.32
6,158,7,6,6,6,40,50,50,0,0.8,0.4041,0.68,0.9,50,0.8019,0.4004,0.7019,0.9019,50,0.34,0.4785,50,,,0,1.24,1.52,1.98,2.4,7.14
7,192,7,9,9,9,40,50,50,0,0.8,0.4041,0.68,0.9,50,0.8019,0.4004,0.7,0.9019,50,0.34,0.4785,50,,,0,0.98,2.82,1.78,2.0,7.58
8,95,5,9,9,9,20,50,50,0,0.8,0.4041,0.68,0.9,50,0.8,0.4041,0.68,0.92,50,0.36,0.4849,50,,,0,0.74,1.66,1.66,1.82,5.88
9,150,7,6,2,9,40,50,50,0,0.78,0.4185,0.66,0.9,50,0.7981,0.3915,0.68,0.8962,50,0.38,0.4903,50,,,0,0.94,1.7,1.74,2.02,6.4
10,180,7,9,5,9,40,50,50,0,0.78,0.4185,0.66,0.88,50,0.7862,0.4089,0.6662,0.9,50,0.06,0.2399,50,,,0,0.78,1.6,1.76,1.76,5.9
11,185,7,9,6,9,20,50,50,0,0.78,0.4185,0.66,0.88,50,0.7851,0.4095,0.6682,0.9,50,0.14,0.3505,50,,,0,0.98,1.32,1.76,2.04,6.1
12,279,9,9,6,8,20,50,50,0,0.78,0.4185,0.66,0.88,50,0.7831,0.4131,0.6662,0.8831,50,0.36,0.4849,50,,,0,1.26,2.2,2.18,2.3,7.94
13,110,7,2,6,6,40,50,50,0,0.78,0.4185,0.66,0.9,50,0.7819,0.415,0.6619,0.882,50,0.36,0.4849,50,,,0,0.9,1.3,1.8,1.9,5.9
14,101,7,2,2,9,20,50,50,0,0.78,0.4185,0.66,0.88,50,0.7819,0.415,0.6619,0.8819,50,0.38,0.4903,50,,,0,0.86,1.4,1.78,1.9,5.94
15,40,5,4,6,8,40,50,50,0,0.78,0.4185,0.66,0.9,50,0.7819,0.415,0.68,0.8819,50,0.38,0.4903,50,,,0,0.92,1.88,1.76,2.06,6.62
16,260,9,6,9,6,40,50,50,0,0.78,0.4185,0.66,0.9,50,0.7819,0.415,0.6619,0.8819,50,0.42,0.4986,50,,,0,1.08,1.5,1.92,2.22,6.72
17,230,9,4,6,6,40,50,50,0,0.78,0.4185,0.66,0.88,50,0.7819,0.415,0.68,0.8819,50,0.42,0.4986,50,,,0,1.16,1.64,1.98,2.26,7.04
18,171,7,9,2,8,20,50,50,0,0.78,0.4185,0.66,0.88,50,0.7819,0.415,0.6638,0.9,50,0.36,0.4849,50,,,0,1.04,2.1,1.98,2.04,7.16
19,256,9,6,6,8,40,50,50,0,0.78,0.4185,0.66,0.9,50,0.7819,0.415,0.6638,0.882,50,0.4,0.4949,50,,,0,1.1,1.88,1.96,2.22,7.16
20,103,7,2,5,6,20,50,50,0,0.78,0.4185,0.68,0.9,50,0.7819,0.415,0.6638,0.9,50,0.38,0.4903,50,,,0,1.24,1.56,2.04,2.34,7.18
21,105,7,2,5,8,20,50,50,0,0.78,0.4185,0.66,0.88,50,0.7819,0.415,0.6638,0.8819,50,0.3,0.4629,50,,,0,1.24,1.44,2.14,2.38,7.2
22,186,7,9,6,9,40,50,50,0,0.78,0.4185,0.66,0.8805,50,0.7819,0.415,0.66,0.8819,50,0.34,0.4785,50,,,0,1.18,1.84,2.02,2.4,7.44
23,229,9,4,6,6,20,50,50,0,0.78,0.4185,0.66,0.9,50,0.7819,0.415,0.6657,0.882,50,0.36,0.4849,50,,,0,1.26,2.12,2.12,2.64,8.14
24,214,9,2,9,8,40,50,50,0,0.78,0.4185,0.66,0.9,50,0.7819,0.415,0.6638,0.8819,50,0.44,0.5014,50,,,0,1.36,1.44,2.16,4.48,9.44
25,162,7,6,6,9,40,50,50,0,0.78,0.4185,0.66,0.88,50,0.78,0.4185,0.66,0.88,50,0.42,0.4986,50,,,0,0.72,1.2,1.64,1.84,5.4
26,211,9,2,9,6,20,50,50,0,0.78,0.4185,0.66,0.88,50,0.78,0.4185,0.66,0.88,50,0.4,0.4949,50,,,0,1.2,1.24,2.02,2.28,6.74
27,212,9,2,9,6,40,50,50,0,0.78,0.4185,0.66,0.88,50,0.78,0.4185,0.66,0.88,50,0.36,0.4849,50,,,0,1.62,1.42,2.12,3.64,8.8
28,235,9,4,9,6,20,50,50,0,0.76,0.4314,0.64,0.8605,50,0.7899,0.3905,0.6838,0.898,50,0.08,0.274,50,,,0,1.18,1.26,1.92,2.22,6.58
29,282,9,9,6,9,40,50,50,0,0.76,0.4314,0.64,0.86,50,0.7826,0.4021,0.6726,0.8839,50,0.48,0.5047,50,,,0,1.28,2.36,1.96,3.0,8.6
30,61,5,6,6,6,20,50,50,0,0.76,0.4314,0.64,0.88,50,0.7779,0.4138,0.6598,0.8819,50,0.08,0.274,50,,,0,0.74,1.52,1.58,1.88,5.72
31,88,5,9,6,8,40,50,50,0,0.76,0.4314,0.64,0.88,50,0.7752,0.4141,0.6523,0.8933,50,0.28,0.4536,50,,,0,0.92,1.8,1.74,2.12,6.58
32,168,7,6,9,9,40,50,50,0,0.76,0.4314,0.64,0.86,50,0.7719,0.4157,0.6457,0.882,50,0.3,0.4629,50,,,0,0.9,1.54,1.74,2.02,6.2
33,124,7,4,2,8,40,50,50,0,0.76,0.4314,0.64,0.88,50,0.7711,0.4162,0.6549,0.88,50,0.1,0.303,50,,,0,1.1,1.86,2.0,2.22,7.18
34,242,9,6,2,6,40,50,50,0,0.76,0.4314,0.64,0.86,50,0.7711,0.4162,0.6442,0.8823,50,0.1,0.303,50,,,0,1.8,2.04,2.48,2.86,9.18
35,201,9,2,5,8,20,50,50,0,0.76,0.4314,0.64,0.88,50,0.77,0.4191,0.66,0.88,50,0.3,0.4629,50,,,0,1.28,1.48,2.14,2.24,7.14
36,221,9,4,2,9,20,50,50,0,0.76,0.4314,0.64,0.86,50,0.768,0.4206,0.644,0.88,50,0.34,0.4785,50,,,0,1.58,1.94,2.24,2.58,8.34
37,79,5,9,5,6,20,50,50,0,0.76,0.4314,0.64,0.88,50,0.7619,0.4282,0.6438,0.88,50,0.34,0.4785,50,,,0,0.72,1.52,1.56,1.78,5.58
38,10,5,2,5,8,40,50,50,0,0.76,0.4314,0.64,0.88,50,0.7619,0.4282,0.6438,0.88,50,0.08,0.274,50,,,0,0.86,1.28,1.64,1.94,5.72
39,176,7,9,5,6,40,50,50,0,0.76,0.4314,0.64,0.88,50,0.7619,0.4282,0.6419,0.8619,50,0.06,0.2399,50,,,0,0.86,1.42,1.74,1.92,5.94
40,111,7,2,6,8,20,50,50,0,0.76,0.4314,0.62,0.88,50,0.7619,0.4282,0.64,0.8639,50,0.38,0.4903,50,,,0,1.04,1.22,1.88,2.14,6.28
41,164,7,6,9,6,40,50,50,0,0.76,0.4314,0.64,0.88,50,0.7619,0.4282,0.6419,0.8642,50,0.44,0.5014,50,,,0,1.08,1.48,1.94,2.16,6.66
42,98,7,2,2,6,40,50,50,0,0.76,0.4314,0.64,0.88,50,0.7619,0.4282,0.64,0.8642,50,0.36,0.4849,50,,,0,1.18,1.38,1.82,2.32,6.7
43,250,9,6,5,8,40,50,50,0,0.76,0.4314,0.64,0.88,50,0.7619,0.4282,0.6419,0.88,50,0.38,0.4903,50,,,0,1.0,1.42,1.84,2.46,6.72
44,199,9,2,5,6,20,50,50,0,0.76,0.4314,0.64,0.88,50,0.7619,0.4282,0.6257,0.88,50,0.36,0.4849,50,,,0,1.14,1.42,1.94,2.26,6.76
45,147,7,6,2,8,20,50,50,0,0.76,0.4314,0.62,0.88,50,0.7619,0.4282,0.6419,0.8638,50,0.32,0.4712,50,,,0,1.02,2.02,1.74,2.1,6.88
46,219,9,4,2,8,20,50,50,0,0.76,0.4314,0.6395,0.88,50,0.7619,0.4282,0.64,0.88,50,0.28,0.4536,50,,,0,1.12,1.48,2.06,2.24,6.9
47,130,7,4,5,8,40,50,50,0,0.76,0.4314,0.62,0.88,50,0.7619,0.4282,0.6419,0.88,50,0.38,0.4903,50,,,0,1.04,1.8,1.8,2.28,6.92
48,83,5,9,5,9,20,50,50,0,0.76,0.4314,0.64,0.88,50,0.7619,0.4282,0.6419,0.88,50,0.36,0.4849,50,,,0,0.96,2.14,1.9,2.16,7.16
49,210,9,2,6,9,40,50,50,0,0.76,0.4314,0.64,0.88,50,0.7619,0.4282,0.6419,0.88,50,0.3,0.4629,50,,,0,1.3,1.48,2.16,2.68,7.62
50,205,9,2,6,6,20,50,50,0,0.76,0.4314,0.64,0.86,50,0.7619,0.4282,0.6419,0.88,50,0.26,0.4431,50,,,0,1.26,1.6,1.96,3.02,7.84
51,238,9,4,9,8,40,50,50,0,0.76,0.4314,0.64,0.86,50,0.7619,0.4282,0.6419,0.8642,50,0.08,0.274,50,,,0,1.3,1.72,2.1,2.9,8.02
52,251,9,6,5,9,20,50,50,0,0.76,0.4314,0.64,0.86,50,0.7619,0.4282,0.6438,0.8638,50,0.34,0.4785,50,,,0,1.62,1.82,2.36,2.64,8.44
53,255,9,6,6,8,20,50,50,0,0.76,0.4314,0.64,0.88,50,0.7619,0.4282,0.6419,0.88,50,0.34,0.4785,50,,,0,1.2,2.5,2.02,2.76,8.48
54,261,9,6,9,8,20,50,50,0,0.76,0.4314,0.64,0.88,50,0.7619,0.4282,0.6438,0.88,50,0.06,0.2399,50,,,0,1.24,2.3,2.06,2.92,8.52
55,278,9,9,6,6,40,50,50,0,0.76,0.4314,0.64,0.88,50,0.7619,0.4282,0.64,0.88,50,0.36,0.4849,50,,,0,1.24,3.26,2.16,2.32,8.98
56,265,9,9,2,6,20,50,50,0,0.76,0.4314,0.64,0.8605,50,0.7619,0.4282,0.64,0.88,50,0.32,0.4712,50,,,0,1.62,2.54,2.36,2.6,9.12
57,12,5,2,5,9,40,50,50,0,0.76,0.4314,0.64,0.88,50,0.76,0.4314,0.64,0.86,50,0.14,0.3505,50,,,0,0.58,1.14,1.46,1.6,4.78
58,14,5,2,6,6,40,50,50,0,0.76,0.4314,0.64,0.86,50,0.76,0.4314,0.6395,0.88,50,0.1,0.303,50,,,0,0.88,1.26,1.74,1.96,5.84
59,80,5,9,5,6,40,50,50,0,0.76,0.4314,0.64,0.86,50,0.76,0.4314,0.64,0.88,50,0.32,0.4712,50,,,0,0.96,1.5,1.74,2.2,6.4
60,178,7,9,5,8,40,50,50,0,0.76,0.4314,0.62,0.88,50,0.76,0.4314,0.64,0.88,50,0.06,0.2399,50,,,0,1.16,1.66,1.94,2.16,6.92
61,191,7,9,9,9,20,50,50,0,0.76,0.4314,0.64,0.88,50,0.76,0.4314,0.64,0.86,50,0.32,0.4712,50,,,0,1.1,1.82,2.04,2.38,7.34
62,277,9,9,6,6,20,50,50,0,0.76,0.4314,0.64,0.8605,50,0.76,0.4314,0.64,0.86,50,0.46,0.5035,50,,,0,1.4,1.96,2.08,2.6,8.04
63,154,7,6,5,8,40,50,50,0,0.74,0.4431,0.6,0.86,50,0.7632,0.4162,0.6512,0.8752,50,0.4,0.4949,50,,,0,0.94,1.88,1.74,2.08,6.64
64,107,7,2,5,9,20,50,50,0,0.74,0.4431,0.62,0.86,50,0.7581,0.4195,0.6423,0.8662,50,0.38,0.4903,50,,,0,1.1,1.32,1.9,2.26,6.58
65,200,9,2,5,6,40,50,50,0,0.74,0.4431,0.6,0.86,50,0.7581,0.4195,0.6379,0.8639,50,0.34,0.4785,50,,,0,1.18,1.52,2.12,2.42,7.24
66,74,5,9,2,6,40,50,50,0,0.74,0.4431,0.62,0.86,50,0.7552,0.427,0.6352,0.86,50,0.42,0.4986,50,,,0,0.86,1.7,1.84,1.9,6.3
67,246,9,6,2,9,40,50,50,0,0.74,0.4431,0.62,0.84,50,0.7552,0.427,0.64,0.8687,50,0.4,0.4949,50,,,0,1.24,1.82,2.0,2.26,7.32
68,37,5,4,6,6,20,50,50,0,0.74,0.4431,0.62,0.86,50,0.7533,0.4302,0.6333,0.86,50,0.38,0.4903,50,,,0,0.84,1.82,1.7,1.88,6.24
69,209,9,2,6,9,20,50,50,0,0.74,0.4431,0.62,0.86,50,0.7533,0.4302,0.62,0.8667,50,0.36,0.4849,50,,,0,1.2,1.66,1.78,3.22,7.86
70,27,5,4,2,8,20,50,50,0,0.74,0.4431,0.62,0.86,50,0.7519,0.4284,0.6257,0.862,50,0.32,0.4712,50,,,0,0.8,1.84,1.62,1.88,6.14
71,266,9,9,2,6,40,50,50,0,0.74,0.4431,0.62,0.86,50,0.7519,0.4284,0.6219,0.87,50,0.4,0.4949,50,,,0,1.18,1.84,1.86,2.34,7.22
72,155,7,6,5,9,20,50,50,0,0.74,0.4431,0.6,0.86,50,0.7519,0.4284,0.6238,0.8619,50,0.36,0.4849,50,,,0,1.12,2.4,2.1,2.26,7.88
73,275,9,9,5,9,20,50,50,0,0.74,0.4431,0.62,0.86,50,0.7519,0.4284,0.6257,0.8619,50,0.34,0.4785,50,,,0,1.32,2.66,2.26,2.4,8.64
74,190,7,9,9,8,40,50,50,0,0.74,0.4431,0.6,0.86,50,0.7511,0.4289,0.6223,0.8619,50,0.4,0.4949,50,,,0,1.14,2.34,1.96,2.08,7.52
75,56,5,6,5,6,40,50,50,0,0.74,0.4431,0.62,0.86,50,0.75,0.4315,0.63,0.87,50,0.38,0.4903,50,,,0,0.92,1.22,1.74,1.86,5.74
76,16,5,2,6,8,40,50,50,0,0.74,0.4431,0.6195,0.86,50,0.7492,0.432,0.6292,0.8692,50,0.08,0.274,50,,,0,1.0,1.4,1.86,2.02,6.28
77,224,9,4,5,6,40,50,50,0,0.74,0.4431,0.6,0.84,50,0.7492,0.432,0.6292,0.86,50,0.38,0.4903,50,,,0,1.3,1.94,2.14,2.44,7.82
78,91,5,9,9,6,20,50,50,0,0.74,0.4431,0.6,0.86,50,0.7486,0.431,0.6219,0.86,50,0.28,0.4536,50,,,0,0.96,1.48,1.76,2.16,6.36
79,49,5,6,2,6,20,50,50,0,0.74,0.4431,0.62,0.86,50,0.7481,0.4315,0.6219,0.87,50,0.3,0.4629,50,,,0,0.92,1.6,1.74,1.86,6.12
80,196,9,2,2,8,40,50,50,0,0.74,0.4431,0.6195,0.84,50,0.7481,0.4315,0.6318,0.8639,50,0.32,0.4712,50,,,0,1.24,1.44,2.02,2.28,6.98
81,144,7,4,9,9,40,50,50,0,0.74,0.4431,0.62,0.86,50,0.748,0.4329,0.6279,0.856,50,0.4,0.4949,50,,,0,0.68,1.22,1.62,1.78,5.3
82,63,5,6,6,8,20,50,50,0,0.74,0.4431,0.62,0.84,50,0.7419,0.44,0.6038,0.86,50,0.06,0.2399,50,,,0,0.76,1.44,1.62,1.82,5.64
83,17,5,2,6,9,20,50,50,0,0.74,0.4431,0.62,0.86,50,0.7419,0.44,0.62,0.86,50,0.32,0.4712,50,,,0,0.82,1.32,1.6,1.92,5.66
84,42,5,4,6,9,40,50,50,0,0.74,0.4431,0.62,0.86,50,0.7419,0.44,0.62,0.86,50,0.34,0.4785,50,,,0,0.84,1.36,1.66,1.98,5.84
85,70,5,6,9,8,40,50,50,0,0.74,0.4431,0.6,0.86,50,0.7419,0.44,0.6219,0.86,50,0.42,0.4986,50,,,0,0.76,1.84,1.6,1.84,6.04
86,48,5,4,9,9,40,50,50,0,0.74,0.4431,0.62,0.8405,50,0.7419,0.44,0.6219,0.8619,50,0.4,0.4949,50,,,0,0.86,1.56,1.74,1.92,6.08
87,90,5,9,6,9,40,50,50,0,0.74,0.4431,0.62,0.86,50,0.7419,0.44,0.6219,0.86,50,0.36,0.4849,50,,,0,0.84,1.54,1.82,1.88,6.08
88,81,5,9,5,8,20,50,50,0,0.74,0.4431,0.62,0.86,50,0.7419,0.44,0.6197,0.86,50,0.36,0.4849,50,,,0,0.76,2.0,1.58,1.98,6.32
89,106,7,2,5,8,40,50,50,0,0.74,0.4431,0.62,0.86,50,0.7419,0.44,0.6057,0.86,50,0.34,0.4785,50,,,0,1.08,1.18,1.86,2.36,6.48
90,76,5,9,2,8,40,50,50,0,0.74,0.4431,0.6195,0.86,50,0.7419,0.44,0.6057,0.86,50,0.42,0.4986,50,,,0,0.98,1.82,1.76,2.02,6.58
91,177,7,9,5,8,20,50,50,0,0.74,0.4431,0.62,0.86,50,0.7419,0.44,0.62,0.86,50,0.08,0.274,50,,,0,0.9,1.84,1.8,2.04,6.58
92,127,7,4,5,6,20,50,50,0,0.74,0.4431,0.62,0.86,50,0.7419,0.44,0.62,0.8439,50,0.06,0.2399,50,,,0,1.08,1.46,1.94,2.14,6.62
93,69,5,6,9,8,20,50,50,0,0.74,0.4431,0.62,0.86,50,0.7419,0.44,0.62,0.86,50,0.08,0.274,50,,,0,0.88,2.1,1.82,1.88,6.68
94,143,7,4,9,9,20,50,50,0,0.74,0.4431,0.62,0.86,50,0.7419,0.44,0.6038,0.8461,50,0.4,0.4949,50,,,0,1.02,1.56,1.94,2.16,6.68
95,85,5,9,6,6,20,50,50,0,0.74,0.4431,0.6,0.84,50,0.7419,0.44,0.6197,0.86,50,0.32,0.4712,50,,,0,0.84,2.42,1.62,1.88,6.76
96,148,7,6,2,8,40,50,50,0,0.74,0.4431,0.62,0.86,50,0.7419,0.44,0.6219,0.86,50,0.36,0.4849,50,,,0,1.12,1.6,1.92,2.12,6.76
97,241,9,6,2,6,20,50,50,0,0.74,0.4431,0.6,0.86,50,0.7419,0.44,0.6019,0.86,50,0.06,0.2399,50,,,0,1.08,1.78,2.02,2.14,7.02
98,126,7,4,2,9,40,50,50,0,0.74,0.4431,0.62,0.86,50,0.7419,0.44,0.62,0.8619,50,0.1,0.303,50,,,0,1.08,1.88,2.0,2.14,7.1
99,170,7,9,2,6,40,50,50,0,0.74,0.4431,0.62,0.86,50,0.7419,0.44,0.6019,0.86,50,0.38,0.4903,50,,,0,1.08,2.04,1.88,2.2,7.2
100,133,7,4,6,6,20,50,50,0,0.74,0.4431,0.62,0.86,50,0.7419,0.44,0.6219,0.8619,50,0.32,0.4712,50,,,0,1.14,1.84,1.96,2.36,7.3
101,232,9,4,6,8,40,50,50,0,0.74,0.4431,0.6195,0.86,50,0.7419,0.44,0.6219,0.8619,50,0.4,0.4949,50,,,0,1.14,1.74,2.1,2.36,7.34
102,104,7,2,5,6,40,50,50,0,0.74,0.4431,0.62,0.86,50,0.7419,0.44,0.6219,0.86,50,0.38,0.4903,50,,,0,1.32,1.52,2.08,2.72,7.64
103,174,7,9,2,9,40,50,50,0,0.74,0.4431,0.6195,0.86,50,0.7419,0.44,0.62,0.86,50,0.4,0.4949,50,,,0,1.08,2.62,1.92,2.2,7.82
104,181,7,9,6,6,20,50,50,0,0.74,0.4431,0.62,0.86,50,0.7419,0.44,0.62,0.8619,50,0.06,0.2399,50,,,0,1.28,2.4,2.1,2.32,8.1
105,270,9,9,2,9,40,50,50,0,0.74,0.4431,0.62,0.86,50,0.7419,0.44,0.6219,0.8619,50,0.4,0.4949,50,,,0,1.42,2.18,2.08,2.62,8.3
106,253,9,6,6,6,20,50,50,0,0.74,0.4431,0.62,0.86,50,0.7419,0.44,0.6197,0.86,50,0.28,0.4536,50,,,0,1.28,2.66,2.14,2.24,8.32
107,52,5,6,2,8,40,50,50,0,0.74,0.4431,0.6,0.84,50,0.74,0.4431,0.62,0.84,50,0.36,0.4849,50,,,0,0.86,1.48,1.62,1.86,5.82
108,18,5,2,6,9,40,50,50,0,0.74,0.4431,0.6,0.86,50,0.74,0.4431,0.6,0.86,50,0.4,0.4949,50,,,0,0.9,1.34,1.76,1.94,5.94
109,46,5,4,9,8,40,50,50,0,0.74,0.4431,0.6,0.86,50,0.74,0.4431,0.6,0.86,50,0.4,0.4949,50,,,0,1.02,1.34,1.64,2.16,6.16
110,62,5,6,6,6,40,50,50,0,0.74,0.4431,0.62,0.86,50,0.74,0.4431,0.62,0.86,50,0.1,0.303,50,,,0,0.96,1.68,1.64,2.0,6.28
111,202,9,2,5,8,40,50,50,0,0.74,0.4431,0.62,0.86,50,0.74,0.4431,0.62,0.86,50,0.34,0.4785,50,,,0,1.22,1.4,2.22,2.3,7.14
112,262,9,6,9,8,40,50,50,0,0.74,0.4431,0.62,0.86,50,0.74,0.4431,0.62,0.84,50,0.38,0.4903,50,,,0,1.56,2.98,2.38,2.66,9.58
113,149,7,6,2,9,20,50,50,0,0.72,0.4536,0.58,0.84,50,0.7383,0.4345,0.6033,0.8383,50,0.34,0.4785,50,,,0,1.32,1.88,2.06,2.34,7.6
114,121,7,4,2,6,20,50,50,0,0.72,0.4536,0.58,0.84,50,0.7379,0.4385,0.6198,0.858,50,0.06,0.2399,50,,,0,1.26,1.66,1.96,2.26,7.14
115,285,9,9,9,8,20,50,50,0,0.72,0.4536,0.6,0.84,50,0.7379,0.4385,0.616,0.86,50,0.34,0.4785,50,,,0,1.54,3.0,2.34,2.5,9.38
116,281,9,9,6,9,20,50,50,0,0.72,0.4536,0.6,0.84,50,0.7352,0.4386,0.6199,0.8467,50,0.28,0.4536,50,,,0,1.76,3.1,2.38,3.16,10.4
117,59,5,6,5,9,20,50,50,0,0.72,0.4536,0.58,0.84,50,0.7333,0.4416,0.6067,0.8533,50,0.04,0.1979,50,,,0,0.84,1.46,1.62,1.82,5.74
118,58,5,6,5,8,40,50,50,0,0.72,0.4536,0.6,0.84,50,0.7319,0.4397,0.6119,0.85,50,0.36,0.4849,50,,,0,0.88,1.64,1.66,1.86,6.04
119,39,5,4,6,8,20,50,50,0,0.72,0.4536,0.58,0.84,50,0.7319,0.4397,0.6018,0.85,50,0.34,0.4785,50,,,0,0.9,1.5,1.72,1.96,6.08
120,140,7,4,9,6,40,50,50,0,0.72,0.4536,0.58,0.84,50,0.7319,0.4397,0.6176,0.84,50,0.32,0.4712,50,,,0,1.08,1.4,2.0,2.12,6.6
121,112,7,2,6,8,40,50,50,0,0.72,0.4536,0.5995,0.84,50,0.7319,0.4397,0.6038,0.8438,50,0.32,0.4712,50,,,0,1.18,1.24,1.98,2.32,6.72
122,193,9,2,2,6,20,50,50,0,0.72,0.4536,0.6,0.84,50,0.7319,0.4397,0.6019,0.8419,50,0.34,0.4785,50,,,0,1.38,1.64,2.16,2.48,7.66
123,206,9,2,6,6,40,50,50,0,0.72,0.4536,0.6,0.84,50,0.7319,0.4397,0.6098,0.8419,50,0.36,0.4849,50,,,0,1.66,1.58,2.5,2.84,8.58
124,273,9,9,5,8,20,50,50,0,0.72,0.4536,0.6,0.84,50,0.7319,0.4397,0.61,0.85,50,0.36,0.4849,50,,,0,1.42,2.9,2.3,2.52,9.14
125,82,5,9,5,8,40,50,50,0,0.72,0.4536,0.6,0.84,50,0.7276,0.4431,0.6095,0.8439,50,0.38,0.4903,50,,,0,0.88,1.46,1.72,2.08,6.14
126,115,7,2,9,6,20,50,50,0,0.72,0.4536,0.6,0.84,50,0.7269,0.4438,0.605,0.8419,50,0.4,0.4949,50,,,0,1.4,1.68,2.14,2.56,7.78
127,197,9,2,2,9,20,50,50,0,0.72,0.4536,0.6,0.84,50,0.7267,0.4451,0.6,0.8533,50,0.28,0.4536,50,,,0,1.36,1.52,2.2,2.4,7.48
128,64,5,6,6,8,40,50,50,0,0.72,0.4536,0.58,0.84,50,0.7219,0.4507,0.6,0.84,50,0.1,0.303,50,,,0,0.56,1.62,1.46,1.74,5.38
129,11,5,2,5,9,20,50,50,0,0.72,0.4536,0.58,0.84,50,0.7219,0.4507,0.5996,0.84,50,0.06,0.2399,50,,,0,0.96,1.26,1.82,1.88,5.92
130,32,5,4,5,6,40,50,50,0,0.72,0.4536,0.6,0.84,50,0.7219,0.4507,0.5876,0.842,50,0.38,0.4903,50,,,0,0.9,1.46,1.82,1.92,6.1
131,51,5,6,2,8,20,50,50,0,0.72,0.4536,0.5995,0.84,50,0.7219,0.4507,0.6019,0.8419,50,0.36,0.4849,50,,,0,0.88,1.74,1.66,1.88,6.16
132,119,7,2,9,9,20,50,50,0,0.72,0.4536,0.6,0.84,50,0.7219,0.4507,0.6,0.8419,50,0.1,0.303,50,,,0,0.98,1.24,2.02,2.02,6.26
133,93,5,9,9,8,20,50,50,0,0.72,0.4536,0.58,0.84,50,0.7219,0.4507,0.6019,0.84,50,0.36,0.4849,50,,,0,0.84,2.0,1.72,1.84,6.4
134,116,7,2,9,6,40,50,50,0,0.72,0.4536,0.6,0.84,50,0.7219,0.4507,0.6019,0.8419,50,0.38,0.4903,50,,,0,0.94,1.46,1.78,2.26,6.44
135,114,7,2,6,9,40,50,50,0,0.72,0.4536,0.6,0.84,50,0.7219,0.4507,0.6019,0.8419,50,0.38,0.4903,50,,,0,1.14,1.36,2.0,2.08,6.58
136,38,5,4,6,6,40,50,50,0,0.72,0.4536,0.6,0.84,50,0.7219,0.4507,0.6019,0.84,50,0.36,0.4849,50,,,0,1.06,1.6,1.88,2.14,6.68
137,117,7,2,9,8,20,50,50,0,0.72,0.4536,0.6,0.84,50,0.7219,0.4507,0.5996,0.84,50,0.06,0.2399,50,,,0,1.1,1.34,1.9,2.4,6.74
138,109,7,2,6,6,20,50,50,0,0.72,0.4536,0.6,0.84,50,0.7219,0.4507,0.6,0.84,50,0.38,0.4903,50,,,0,1.28,1.32,2.0,2.22,6.82
139,128,7,4,5,6,40,50,50,0,0.72,0.4536,0.6,0.84,50,0.7219,0.4507,0.6,0.8419,50,0.1,0.303,50,,,0,1.1,1.72,1.9,2.22,6.94
140,94,5,9,9,8,40,50,50,0,0.72,0.4536,0.6,0.84,50,0.7219,0.4507,0.6019,0.8419,50,0.32,0.4712,50,,,0,0.88,2.38,1.74,1.98,6.98
141,26,5,4,2,6,40,50,50,0,0.72,0.4536,0.6,0.84,50,0.7219,0.4507,0.5857,0.8419,50,0.36,0.4849,50,,,0,1.08,2.12,1.86,1.98,7.04
142,123,7,4,2,8,20,50,50,0,0.72,0.4536,0.6,0.8405,50,0.7219,0.4507,0.6,0.84,50,0.08,0.274,50,,,0,1.14,2.0,1.94,2.16,7.24
143,234,9,4,6,9,40,50,50,0,0.72,0.4536,0.58,0.84,50,0.7219,0.4507,0.5997,0.84,50,0.06,0.2399,50,,,0,1.1,1.96,2.04,2.14,7.24
144,189,7,9,9,8,20,50,50,0,0.72,0.4536,0.58,0.84,50,0.7219,0.4507,0.5857,0.84,50,0.38,0.4903,50,,,0,0.84,2.6,1.86,2.0,7.3
145,135,7,4,6,8,20,50,50,0,0.72,0.4536,0.58,0.84,50,0.7219,0.4507,0.6,0.8419,50,0.3,0.4629,50,,,0,1.22,1.68,2.08,2.34,7.32
146,173,7,9,2,9,20,50,50,0,0.72,0.4536,0.58,0.84,50,0.7219,0.4507,0.5838,0.8419,50,0.34,0.4785,50,,,0,1.1,2.14,1.84,2.26,7.34
147,239,9,4,9,9,20,50,50,0,0.72,0.4536,0.6,0.84,50,0.7219,0.4507,0.5838,0.8439,50,0.08,0.274,50,,,0,1.26,1.6,2.18,2.42,7.46
148,216,9,2,9,9,40,50,50,0,0.72,0.4536,0.5995,0.84,50,0.7219,0.4507,0.6,0.84,50,0.32,0.4712,50,,,0,1.12,1.4,1.9,3.16,7.58
149,217,9,4,2,6,20,50,50,0,0.72,0.4536,0.6,0.84,50,0.7219,0.4507,0.6,0.84,50,0.32,0.4712,50,,,0,1.26,1.78,2.14,2.4,7.58
150,286,9,9,9,8,40,50,50,0,0.72,0.4536,0.6,0.84,50,0.7219,0.4507,0.6019,0.8419,50,0.38,0.4903,50,,,0,1.4,1.72,2.22,2.58,7.92
151,138,7,4,6,9,40,50,50,0,0.72,0.4536,0.6,0.84,50,0.7219,0.4507,0.5894,0.84,50,0.36,0.4849,50,,,0,1.24,2.1,2.08,2.7,8.12
152,165,7,6,9,8,20,50,50,0,0.72,0.4536,0.6,0.84,50,0.7219,0.4507,0.6019,0.84,50,0.28,0.4536,50,,,0,1.42,2.06,2.24,2.5,8.22
153,172,7,9,2,8,40,50,50,0,0.72,0.4536,0.6,0.84,50,0.7219,0.4507,0.6,0.84,50,0.46,0.5035,50,,,0,1.28,2.64,2.04,2.3,8.26
154,269,9,9,2,9,20,50,50,0,0.72,0.4536,0.58,0.84,50,0.7219,0.4507,0.6019,0.84,50,0.32,0.4712,50,,,0,1.28,2.58,2.3,2.26,8.42
155,268,9,9,2,8,40,50,50,0,0.72,0.4536,0.6,0.84,50,0.7219,0.4507,0.5857,0.8242,50,0.32,0.4712,50,,,0,1.34,2.56,2.22,2.5,8.62
156,187,7,9,9,6,20,50,50,0,0.72,0.4536,0.58,0.84,50,0.7219,0.4507,0.6,0.8419,50,0.3,0.4629,50,,,0,1.34,2.6,1.94,3.0,8.88
157,179,7,9,5,9,20,50,50,0,0.72,0.4536,0.58,0.84,50,0.7219,0.4507,0.5857,0.8438,50,0.1,0.303,50,,,0,1.84,2.62,2.72,2.78,9.96
158,41,5,4,6,9,20,50,50,0,0.72,0.4536,0.6,0.84,50,0.72,0.4536,0.58,0.84,50,0.28,0.4536,50,,,0,0.72,1.36,1.64,1.82,5.54
159,208,9,2,6,8,40,50,50,0,0.72,0.4536,0.58,0.84,50,0.72,0.4536,0.6,0.84,50,0.4,0.4949,50,,,0,1.68,1.42,2.3,3.0,8.4
160,157,7,6,6,6,20,50,50,0,0.72,0.4536,0.6,0.84,50,0.72,0.4536,0.6,0.84,50,0.3,0.4629,50,,,0,1.38,2.48,2.16,2.8,8.82
161,271,9,9,5,6,20,50,50,0,0.72,0.4536,0.6,0.84,50,0.72,0.4536,0.58,0.84,50,0.3,0.4629,50,,,0,1.58,2.88,2.2,2.64,9.3
162,236,9,4,9,6,40,50,50,0,0.72,0.4536,0.6,0.84,50,0.72,0.4536,0.58,0.84,50,0.1,0.303,50,,,0,1.74,1.88,2.44,4.06,10.12
163,169,7,9,2,6,20,50,50,0,0.7,0.4629,0.56,0.84,50,0.726,0.4412,0.596,0.846,50,0.36,0.4849,50,,,0,1.7,2.0,2.26,2.84,8.8
164,163,7,6,9,6,20,50,50,0,0.7,0.4629,0.56,0.82,50,0.7202,0.4421,0.6,0.8351,50,0.26,0.4431,50,,,0,0.94,1.82,1.84,1.94,6.54
165,86,5,9,6,6,40,50,50,0,0.7,0.4629,0.5795,0.82,50,0.7119,0.4499,0.5919,0.83,50,0.32,0.4712,50,,,0,0.8,1.92,1.66,1.8,6.18
166,198,9,2,2,9,40,50,50,0,0.7,0.4629,0.58,0.82,50,0.7119,0.4499,0.5819,0.83,50,0.28,0.4536,50,,,0,1.46,1.54,2.26,2.48,7.74
167,247,9,6,5,6,20,50,50,0,0.7,0.4629,0.58,0.82,50,0.7119,0.4499,0.58,0.8319,50,0.34,0.4785,50,,,0,1.22,2.54,2.0,2.46,8.22
168,218,9,4,2,6,40,50,50,0,0.7,0.4629,0.56,0.84,50,0.7111,0.4503,0.5819,0.8292,50,0.42,0.4986,50,,,0,1.24,2.06,1.62,2.26,7.18
169,34,5,4,5,8,40,50,50,0,0.7,0.4629,0.58,0.8205,50,0.71,0.4528,0.59,0.84,50,0.34,0.4785,50,,,0,1.1,1.7,1.84,2.18,6.82
170,248,9,6,5,6,40,50,50,0,0.7,0.4629,0.56,0.82,50,0.7081,0.4526,0.59,0.8262,50,0.36,0.4849,50,,,0,1.28,1.78,2.18,2.38,7.62
171,240,9,4,9,9,40,50,50,0,0.7,0.4629,0.56,0.82,50,0.7081,0.4526,0.5799,0.8219,50,0.1,0.303,50,,,0,1.24,2.0,2.16,3.18,8.58
172,146,7,6,2,6,40,50,50,0,0.7,0.4629,0.58,0.82,50,0.708,0.4539,0.588,0.8361,50,0.08,0.274,50,,,0,1.1,1.76,1.88,2.22,6.96
173,71,5,6,9,9,20,50,50,0,0.7,0.4629,0.56,0.82,50,0.7069,0.4537,0.5869,0.8269,50,0.12,0.3283,50,,,0,0.9,1.86,1.7,2.02,6.48
174,233,9,4,6,9,20,50,50,0,0.7,0.4629,0.58,0.82,50,0.7069,0.4537,0.5726,0.8269,50,0.08,0.274,50,,,0,1.14,2.04,1.72,3.68,8.58
175,166,7,6,9,8,40,50,50,0,0.7,0.4629,0.56,0.82,50,0.7062,0.4554,0.5862,0.82,50,0.38,0.4903,50,,,0,1.12,1.6,1.92,2.34,6.98
176,9,5,2,5,8,20,50,50,0,0.7,0.4629,0.58,0.82,50,0.7019,0.4602,0.5638,0.82,50,0.08,0.274,50,,,0,0.76,1.36,1.6,1.7,5.42
177,92,5,9,9,6,40,50,50,0,0.7,0.4629,0.56,0.82,50,0.7019,0.4602,0.58,0.82,50,0.34,0.4785,50,,,0,0.72,1.4,1.54,1.8,5.46
178,3,5,2,2,8,20,50,50,0,0.7,0.4629,0.5795,0.82,50,0.7019,0.4602,0.5638,0.8219,50,0.06,0.2399,50,,,0,0.8,1.3,1.7,1.74,5.54
179,5,5,2,2,9,20,50,50,0,0.7,0.4629,0.58,0.82,50,0.7019,0.4602,0.5638,0.82,50,0.08,0.274,50,,,0,0.82,1.32,1.66,1.74,5.54
180,7,5,2,5,6,20,50,50,0,0.7,0.4629,0.56,0.82,50,0.7019,0.4602,0.5819,0.8238,50,0.1,0.303,50,,,0,0.76,1.28,1.66,1.84,5.54
181,19,5,2,9,6,20,50,50,0,0.7,0.4629,0.58,0.82,50,0.7019,0.4602,0.58,0.8219,50,0.3,0.4629,50,,,0,0.68,1.38,1.72,1.8,5.58
182,15,5,2,6,8,20,50,50,0,0.7,0.4629,0.56,0.82,50,0.7019,0.4602,0.5797,0.82,50,0.06,0.2399,50,,,0,0.86,1.26,1.74,1.84,5.7
183,23,5,2,9,9,20,50,50,0,0.7,0.4629,0.58,0.82,50,0.7019,0.4602,0.5838,0.84,50,0.34,0.4785,50,,,0,0.82,1.46,1.72,1.8,5.8
184,30,5,4,2,9,40,50,50,0,0.7,0.4629,0.58,0.82,50,0.7019,0.4602,0.5657,0.8238,50,0.4,0.4949,50,,,0,0.84,1.62,1.6,1.82,5.88
185,35,5,4,5,9,20,50,50,0,0.7,0.4629,0.56,0.82,50,0.7019,0.4602,0.5657,0.8219,50,0.32,0.4712,50,,,0,0.92,1.8,1.68,1.92,6.32
186,54,5,6,2,9,40,50,50,0,0.7,0.4629,0.58,0.82,50,0.7019,0.4602,0.58,0.8219,50,0.38,0.4903,50,,,0,1.08,1.4,1.82,2.1,6.4
187,89,5,9,6,9,20,50,50,0,0.7,0.4629,0.58,0.82,50,0.7019,0.4602,0.5657,0.8219,50,0.32,0.4712,50,,,0,0.94,1.88,1.72,1.86,6.4
188,21,5,2,9,8,20,50,50,0,0.7,0.4629,0.5795,0.82,50,0.7019,0.4602,0.5638,0.82,50,0.3,0.4629,50,,,0,1.04,1.46,1.72,2.24,6.46
189,84,5,9,5,9,40,50,50,0,0.7,0.4629,0.58,0.82,50,0.7019,0.4602,0.5657,0.84,50,0.38,0.4903,50,,,0,0.88,1.9,1.68,2.0,6.46
190,87,5,9,6,8,20,50,50,0,0.7,0.4629,0.56,0.82,50,0.7019,0.4602,0.5676,0.8219,50,0.32,0.4712,50,,,0,0.9,2.0,1.7,2.22,6.82
191,129,7,4,5,8,20,50,50,0,0.7,0.4629,0.56,0.84,50,0.7019,0.4602,0.5657,0.82,50,0.32,0.4712,50,,,0,1.06,1.62,1.82,2.38,6.88
192,204,9,2,5,9,40,50,50,0,0.7,0.4629,0.58,0.82,50,0.7019,0.4602,0.5656,0.8219,50,0.1,0.303,50,,,0,1.24,1.4,2.0,2.38,7.02
193,100,7,2,2,8,40,50,50,0,0.7,0.4629,0.56,0.82,50,0.7019,0.4602,0.5796,0.8219,50,0.3,0.4629,50,,,0,1.3,1.52,2.04,2.3,7.16
194,60,5,6,5,9,40,50,50,0,0.7,0.4629,0.56,0.82,50,0.7019,0.4602,0.58,0.8219,50,0.08,0.274,50,,,0,1.12,2.02,1.92,2.14,7.2
195,131,7,4,5,9,20,50,50,0,0.7,0.4629,0.56,0.82,50,0.7019,0.4602,0.5819,0.8219,50,0.26,0.4431,50,,,0,1.32,1.74,2.06,2.24,7.36
196,134,7,4,6,6,40,50,50,0,0.7,0.4629,0.58,0.84,50,0.7019,0.4602,0.56,0.8219,50,0.34,0.4785,50,,,0,1.26,1.7,2.1,2.34,7.4
197,136,7,4,6,8,40,50,50,0,0.7,0.4629,0.58,0.82,50,0.7019,0.4602,0.5819,0.8219,50,0.44,0.5014,50,,,0,1.26,1.68,2.02,2.68,7.64
198,267,9,9,2,8,20,50,50,0,0.7,0.4629,0.56,0.82,50,0.7019,0.4602,0.58,0.84,50,0.34,0.4785,50,,,0,1.32,2.02,2.08,2.36,7.78
199,272,9,9,5,6,40,50,50,0,0.7,0.4629,0.56,0.82,50,0.7019,0.4602,0.5694,0.8219,50,0.34,0.4785,50,,,0,1.28,2.08,2.08,2.36,7.8
200,243,9,6,2,8,20,50,50,0,0.7,0.4629,0.58,0.82,50,0.7019,0.4602,0.58,0.8061,50,0.22,0.4185,50,,,0,1.36,1.84,2.22,2.44,7.86
201,252,9,6,5,9,40,50,50,0,0.7,0.4629,0.5795,0.82,50,0.7019,0.4602,0.5657,0.8219,50,0.34,0.4785,50,,,0,1.28,2.06,2.06,2.84,8.24
202,274,9,9,5,8,40,50,50,0,0.7,0.4629,0.56,0.82,50,0.7019,0.4602,0.5819,0.8219,50,0.34,0.4785,50,,,0,1.4,2.44,2.26,2.44,8.54
203,156,7,6,5,9,40,50,50,0,0.7,0.4629,0.58,0.82,50,0.7019,0.4602,0.5638,0.8219,50,0.34,0.4785,50,,,0,1.56,2.42,2.32,2.68,8.98
204,249,9,6,5,8,20,50,50,0,0.7,0.4629,0.58,0.82,50,0.7019,0.4602,0.5657,0.8219,50,0.32,0.4712,50,,,0,1.74,2.54,2.46,2.86,9.6
205,287,9,9,9,9,20,50,50,0,0.7,0.4629,0.56,0.82,50,0.7019,0.4602,0.5657,0.8219,50,0.3,0.4629,50,,,0,1.4,2.86,2.2,3.2,9.66
206,55,5,6,5,6,20,50,50,0,0.7,0.4629,0.58,0.84,50,0.7,0.4629,0.58,0.82,50,0.46,0.5035,50,,,0,0.82,1.22,1.6,1.84,5.48
207,20,5,2,9,6,40,50,50,0,0.7,0.4629,0.56,0.82,50,0.7,0.4629,0.58,0.82,50,0.36,0.4849,50,,,0,0.9,1.3,1.72,1.9,5.82
208,29,5,4,2,9,20,50,50,0,0.7,0.4629,0.5795,0.82,50,0.7,0.4629,0.56,0.82,50,0.36,0.4849,50,,,0,1.04,1.88,1.78,2.0,6.7
209,118,7,2,9,8,40,50,50,0,0.7,0.4629,0.58,0.82,50,0.7,0.4629,0.58,0.82,50,0.14,0.3505,50,,,0,1.32,1.42,2.06,2.34,7.14
210,194,9,2,2,6,40,50,50,0,0.7,0.4629,0.58,0.82,50,0.7,0.4629,0.56,0.8205,50,0.36,0.4849,50,,,0,1.5,1.68,2.12,2.62,7.92
211,284,9,9,9,6,40,50,50,0,0.7,0.4629,0.58,0.82,50,0.7,0.4629,0.58,0.82,50,0.38,0.4903,50,,,0,1.98,3.08,2.68,3.4,11.14
212,276,9,9,5,9,40,50,50,0,0.68,0.4712,0.56,0.8,50,0.7091,0.44,0.5784,0.8292,50,0.4,0.4949,50,,,0,1.58,2.62,2.38,2.82,9.4
213,159,7,6,6,8,20,50,50,0,0.68,0.4712,0.54,0.8,50,0.7041,0.4508,0.5779,0.8185,50,0.3,0.4629,50,,,0,1.18,2.24,1.98,2.3,7.7
214,120,7,2,9,9,40,50,50,0,0.68,0.4712,0.54,0.8,50,0.6986,0.4511,0.5733,0.82,50,0.08,0.274,50,,,0,1.02,1.36,1.92,2.04,6.34
215,97,7,2,2,6,20,50,50,0,0.68,0.4712,0.56,0.8005,50,0.6979,0.4584,0.5638,0.8321,50,0.26,0.4431,50,,,0,1.34,1.44,1.92,2.38,7.08
216,31,5,4,5,6,20,50,50,0,0.68,0.4712,0.54,0.8,50,0.6952,0.4582,0.5619,0.8171,50,0.32,0.4712,50,,,0,0.94,1.5,1.68,1.94,6.06
217,53,5,6,2,9,20,50,50,0,0.68,0.4712,0.54,0.8,50,0.6952,0.4582,0.5619,0.8152,50,0.4,0.4949,50,,,0,1.08,1.72,1.8,2.16,6.76
218,73,5,9,2,6,20,50,50,0,0.68,0.4712,0.54,0.8,50,0.6919,0.459,0.5619,0.82,50,0.1,0.303,50,,,0,1.08,1.82,1.92,2.08,6.9
219,280,9,9,6,8,40,50,50,0,0.68,0.4712,0.54,0.8005,50,0.6911,0.4593,0.5619,0.82,50,0.38,0.4903,50,,,0,1.18,3.24,2.04,2.38,8.84
220,220,9,4,2,8,40,50,50,0,0.68,0.4712,0.54,0.8,50,0.6892,0.4621,0.56,0.8092,50,0.42,0.4986,50,,,0,1.5,1.76,2.32,2.54,8.12
221,244,9,6,2,8,40,50,50,0,0.68,0.4712,0.54,0.8,50,0.6892,0.4621,0.56,0.8092,50,0.38,0.4903,50,,,0,1.72,2.52,2.3,3.12,9.66
222,182,7,9,6,6,40,50,50,0,0.68,0.4712,0.56,0.8005,50,0.6886,0.461,0.5486,0.8067,50,0.1,0.303,50,,,0,1.26,2.26,2.0,2.48,8.0
223,65,5,6,6,9,20,50,50,0,0.68,0.4712,0.54,0.82,50,0.6869,0.4625,0.5599,0.8102,50,0.08,0.274,50,,,0,0.98,1.56,1.76,1.98,6.28
224,254,9,6,6,6,40,50,50,0,0.68,0.4712,0.56,0.8,50,0.6862,0.4641,0.56,0.8062,50,0.36,0.4849,50,,,0,1.36,2.18,2.08,2.56,8.18
225,8,5,2,5,6,40,50,50,0,0.68,0.4712,0.54,0.8,50,0.6857,0.4645,0.5599,0.82,50,0.1,0.303,50,,,0,0.7,1.24,1.6,1.66,5.2
226,25,5,4,2,6,20,50,50,0,0.68,0.4712,0.56,0.8005,50,0.6819,0.4686,0.5619,0.8,50,0.28,0.4536,50,,,0,0.72,1.66,1.64,1.68,5.7
227,2,5,2,2,6,40,50,50,0,0.68,0.4712,0.54,0.8,50,0.6819,0.4686,0.5438,0.8019,50,0.08,0.274,50,,,0,0.88,1.24,1.76,1.94,5.82
228,66,5,6,6,9,40,50,50,0,0.68,0.4712,0.54,0.8,50,0.6819,0.4686,0.56,0.8019,50,0.1,0.303,50,,,0,0.8,1.52,1.68,1.88,5.88
229,44,5,4,9,6,40,50,50,0,0.68,0.4712,0.54,0.8,50,0.6819,0.4686,0.56,0.8019,50,0.4,0.4949,50,,,0,0.8,1.3,1.56,2.24,5.9
230,1,5,2,2,6,20,50,50,0,0.68,0.4712,0.54,0.8,50,0.6819,0.4686,0.5438,0.8,50,0.06,0.2399,50,,,0,0.96,1.4,1.78,1.92,6.06
231,33,5,4,5,8,20,50,50,0,0.68,0.4712,0.54,0.8,50,0.6819,0.4686,0.56,0.8019,50,0.36,0.4849,50,,,0,0.88,1.66,1.74,1.88,6.16
232,67,5,6,9,6,20,50,50,0,0.68,0.4712,0.54,0.8,50,0.6819,0.4686,0.5438,0.8019,50,0.06,0.2399,50,,,0,0.98,1.6,1.64,1.98,6.2
233,13,5,2,6,6,20,50,50,0,0.68,0.4712,0.56,0.8,50,0.6819,0.4686,0.56,0.8038,50,0.06,0.2399,50,,,0,1.04,1.46,1.8,2.04,6.34
234,152,7,6,5,6,40,50,50,0,0.68,0.4712,0.56,0.8,50,0.6819,0.4686,0.5419,0.82,50,0.4,0.4949,50,,,0,0.96,1.6,1.84,1.94,6.34
235,68,5,6,9,6,40,50,50,0,0.68,0.4712,0.54,0.8,50,0.6819,0.4686,0.56,0.8038,50,0.08,0.274,50,,,0,0.86,1.74,1.74,2.04,6.38
236,77,5,9,2,9,20,50,50,0,0.68,0.4712,0.56,0.8,50,0.6819,0.4686,0.5438,0.8019,50,0.34,0.4785,50,,,0,1.0,1.54,1.8,2.04,6.38
237,175,7,9,5,6,20,50,50,0,0.68,0.4712,0.54,0.8,50,0.6819,0.4686,0.56,0.8019,50,0.08,0.274,50,,,0,1.0,1.88,1.94,2.02,6.84
238,57,5,6,5,8,20,50,50,0,0.68,0.4712,0.54,0.8,50,0.6819,0.4686,0.5619,0.8019,50,0.34,0.4785,50,,,0,1.12,1.74,1.98,2.3,7.14
239,78,5,9,2,9,40,50,50,0,0.68,0.4712,0.54,0.82,50,0.6819,0.4686,0.5597,0.8019,50,0.3,0.4629,50,,,0,1.06,2.6,1.84,1.96,7.46
240,151,7,6,5,6,20,50,50,0,0.68,0.4712,0.54,0.8,50,0.6819,0.4686,0.5419,0.8,50,0.34,0.4785,50,,,0,1.28,2.2,2.0,2.28,7.76
241,226,9,4,5,8,40,50,50,0,0.68,0.4712,0.54,0.8,50,0.6819,0.4686,0.54,0.8,50,0.4,0.4949,50,,,0,1.36,1.94,2.28,2.52,8.1
242,108,7,2,5,9,40,50,50,0,0.68,0.4712,0.54,0.8,50,0.6819,0.4686,0.5457,0.82,50,0.36,0.4849,50,,,0,1.4,1.74,2.18,2.86,8.18
243,225,9,4,5,8,20,50,50,0,0.68,0.4712,0.54,0.8,50,0.6819,0.4686,0.5438,0.8057,50,0.32,0.4712,50,,,0,1.48,2.16,2.36,2.66,8.66
244,258,9,6,6,9,40,50,50,0,0.68,0.4712,0.54,0.8005,50,0.6819,0.4686,0.5457,0.8019,50,0.28,0.4536,50,,,0,1.56,2.38,2.3,3.38,9.62
245,288,9,9,9,9,40,50,50,0,0.68,0.4712,0.54,0.8,50,0.6819,0.4686,0.5438,0.8038,50,0.4,0.4949,50,,,0,1.44,3.28,2.14,2.98,9.84
246,223,9,4,5,6,20,50,50,0,0.68,0.4712,0.56,0.82,50,0.6819,0.4686,0.56,0.8019,50,0.36,0.4849,50,,,0,2.1,2.46,2.58,3.74,10.88
247,96,5,9,9,9,40,50,50,0,0.68,0.4712,0.54,0.8,50,0.68,0.4712,0.5595,0.8,50,0.36,0.4849,50,,,0,0.76,2.04,1.64,1.8,6.24
248,4,5,2,2,8,40,50,50,0,0.68,0.4712,0.54,0.8,50,0.68,0.4712,0.56,0.8,50,0.08,0.274,50,,,0,1.16,1.3,1.8,2.14,6.4
249,203,9,2,5,9,20,50,50,0,0.68,0.4712,0.54,0.8,50,0.68,0.4712,0.54,0.8,50,0.34,0.4785,50,,,0,1.02,1.44,1.98,2.02,6.46
250,263,9,6,9,9,20,50,50,0,0.68,0.4712,0.56,0.8,50,0.68,0.4712,0.56,0.8,50,0.34,0.4785,50,,,0,1.42,1.66,2.3,2.58,7.96
251,142,7,4,9,8,40,50,50,0,0.68,0.4712,0.54,0.8,50,0.68,0.4712,0.56,0.8,50,0.4,0.4949,50,,,0,1.22,2.16,1.88,3.06,8.32
252,245,9,6,2,9,20,50,50,0,0.68,0.4712,0.54,0.8,50,0.68,0.4712,0.54,0.8,50,0.32,0.4712,50,,,0,1.46,2.88,2.4,2.5,9.24
253,183,7,9,6,8,20,50,50,0,0.68,0.4712,0.54,0.82,50,0.68,0.4712,0.5595,0.8,50,0.02,0.1414,50,,,0,1.34,3.3,2.0,3.1,9.74
254,237,9,4,9,8,20,50,50,0,0.66,0.4785,0.54,0.78,50,0.6752,0.4663,0.5533,0.8,50,0.06,0.2399,50,,,0,1.46,1.96,2.42,2.42,8.26
255,36,5,4,5,9,40,50,50,0,0.66,0.4785,0.52,0.78,50,0.6719,0.467,0.5538,0.8,50,0.46,0.5035,50,,,0,0.98,1.68,1.82,2.44,6.92
256,161,7,6,6,9,20,50,50,0,0.66,0.4785,0.54,0.8,50,0.6719,0.467,0.5419,0.8019,50,0.32,0.4712,50,,,0,1.28,2.0,2.04,2.98,8.3
257,188,7,9,9,6,40,50,50,0,0.66,0.4785,0.52,0.78,50,0.6719,0.467,0.5438,0.8,50,0.36,0.4849,50,,,0,1.38,2.34,2.06,3.18,8.96
258,72,5,6,9,9,40,50,50,0,0.66,0.4785,0.52,0.78,50,0.67,0.4696,0.53,0.79,50,0.3,0.4629,50,,,0,1.1,1.62,1.8,2.28,6.8
259,227,9,4,5,9,20,50,50,0,0.66,0.4785,0.5395,0.8,50,0.6631,0.4744,0.5419,0.7831,50,0.28,0.4536,50,,,0,1.6,2.5,2.54,2.98,9.62
260,6,5,2,2,9,40,50,50,0,0.66,0.4785,0.52,0.78,50,0.6619,0.476,0.5397,0.8,50,0.06,0.2399,50,,,0,1.04,1.48,1.8,1.98,6.3
261,43,5,4,9,6,20,50,50,0,0.66,0.4785,0.52,0.78,50,0.6619,0.476,0.5257,0.8,50,0.32,0.4712,50,,,0,0.96,1.68,1.76,2.02,6.42
262,113,7,2,6,9,20,50,50,0,0.66,0.4785,0.54,0.8,50,0.6619,0.476,0.54,0.7838,50,0.3,0.4629,50,,,0,1.2,1.46,1.96,2.3,6.92
263,264,9,6,9,9,40,50,50,0,0.66,0.4785,0.52,0.8,50,0.6619,0.476,0.54,0.8,50,0.42,0.4986,50,,,0,1.16,1.9,1.98,2.42,7.46
264,22,5,2,9,8,40,50,50,0,0.66,0.4785,0.5395,0.78,50,0.6619,0.476,0.5238,0.7838,50,0.34,0.4785,50,,,0,1.16,1.3,1.88,3.24,7.58
265,215,9,2,9,9,20,50,50,0,0.66,0.4785,0.5395,0.78,50,0.6619,0.476,0.5238,0.8,50,0.32,0.4712,50,,,0,1.5,1.62,2.22,2.68,8.02
266,167,7,6,9,9,20,50,50,0,0.66,0.4785,0.52,0.78,50,0.6619,0.476,0.5238,0.7861,50,0.32,0.4712,50,,,0,1.38,2.38,2.12,2.42,8.3
267,137,7,4,6,9,20,50,50,0,0.66,0.4785,0.52,0.78,50,0.6619,0.476,0.5238,0.8,50,0.32,0.4712,50,,,0,1.54,2.18,2.36,2.76,8.84
268,228,9,4,5,9,40,50,50,0,0.66,0.4785,0.52,0.78,50,0.6619,0.476,0.5219,0.782,50,0.4,0.4949,50,,,0,1.6,2.18,2.38,2.76,8.92
269,195,9,2,2,8,20,50,50,0,0.66,0.4785,0.52,0.8,50,0.6619,0.476,0.52,0.7819,50,0.36,0.4849,50,,,0,1.82,1.9,2.42,2.98,9.12
270,222,9,4,2,9,40,50,50,0,0.66,0.4785,0.52,0.8,50,0.66,0.4785,0.52,0.78,50,0.28,0.4536,50,,,0,1.54,1.96,2.1,2.72,8.32
271,213,9,2,9,8,20,50,50,0,0.64,0.4849,0.5,0.78,50,0.6629,0.4682,0.536,0.7959,50,0.32,0.4712,50,,,0,1.58,1.88,2.44,2.66,8.56
272,184,7,9,6,8,40,50,50,0,0.64,0.4849,0.52,0.7605,50,0.6519,0.474,0.5198,0.78,50,0.06,0.2399,50,,,0,1.44,2.5,2.16,2.48,8.58
273,207,9,2,6,8,20,50,50,0,0.64,0.4849,0.5,0.76,50,0.6486,0.4757,0.5152,0.78,50,0.32,0.4712,50,,,0,1.74,1.42,2.42,2.74,8.32
274,139,7,4,9,6,20,50,50,0,0.64,0.4849,0.5,0.78,50,0.6469,0.477,0.5269,0.7689,50,0.28,0.4536,50,,,0,1.52,2.4,2.34,3.1,9.36
275,122,7,4,2,6,40,50,50,0,0.64,0.4849,0.5,0.76,50,0.6467,0.4781,0.5067,0.7667,50,0.08,0.274,50,,,0,1.3,1.5,2.14,2.46,7.4
276,231,9,4,6,8,20,50,50,0,0.64,0.4849,0.5,0.76,50,0.6455,0.4782,0.5236,0.7655,50,0.38,0.4903,50,,,0,1.64,2.28,2.52,2.74,9.18
277,24,5,2,9,9,40,50,50,0,0.64,0.4849,0.5,0.76,50,0.6419,0.4825,0.52,0.78,50,0.44,0.5014,50,,,0,1.06,1.4,1.94,2.02,6.42
278,45,5,4,9,8,20,50,50,0,0.64,0.4849,0.52,0.78,50,0.6419,0.4825,0.5038,0.7619,50,0.32,0.4712,50,,,0,1.0,1.8,1.82,1.98,6.6
279,160,7,6,6,8,40,50,50,0,0.64,0.4849,0.5,0.76,50,0.6419,0.4825,0.5019,0.7619,50,0.3,0.4629,50,,,0,1.04,1.74,1.9,2.04,6.72
280,153,7,6,5,8,20,50,50,0,0.64,0.4849,0.5,0.7605,50,0.6419,0.4825,0.5019,0.78,50,0.32,0.4712,50,,,0,1.22,2.54,2.08,2.66,8.5
281,145,7,6,2,6,20,50,50,0,0.64,0.4849,0.52,0.76,50,0.6419,0.4825,0.52,0.7619,50,0.3,0.4629,50,,,0,1.58,2.66,2.24,2.66,9.14
282,47,5,4,9,9,20,50,50,0,0.64,0.4849,0.52,0.7605,50,0.64,0.4849,0.5,0.78,50,0.3,0.4629,50,,,0,0.94,1.64,1.82,2.14,6.54
283,141,7,4,9,8,20,50,50,0,0.64,0.4849,0.5195,0.76,50,0.64,0.4849,0.5,0.78,50,0.34,0.4785,50,,,0,1.46,2.06,2.32,2.62,8.46
284,259,9,6,9,6,20,50,50,0,0.62,0.4903,0.4995,0.7405,50,0.6286,0.4816,0.4886,0.76,50,0.32,0.4712,50,,,0,1.56,3.04,2.34,4.24,11.18
285,99,7,2,2,8,20,50,50,0,0.62,0.4903,0.5,0.76,50,0.6269,0.4828,0.5,0.76,50,0.32,0.4712,50,,,0,1.48,1.94,2.3,2.56,8.28
286,75,5,9,2,8,20,50,50,0,0.62,0.4903,0.48,0.7405,50,0.6219,0.488,0.4819,0.76,50,0.34,0.4785,50,,,0,1.26,2.58,1.96,2.28,8.08
287,102,7,2,2,9,40,50,50,0,0.6,0.4949,0.46,0.74,50,0.6019,0.4927,0.4638,0.74,50,0.42,0.4986,50,,,0,1.38,1.58,2.08,2.48,7.52
288,283,9,9,9,6,20,50,50,0,0.58,0.4986,0.44,0.72,50,0.5819,0.4965,0.4596,0.7238,50,0.3,0.4629,50,,,0,1.58,4.04,2.46,2.76,10.84
