n_examples,discovery_accuracy_mean,discovery_f1_mean,avg_predicted_endpoints,avg_gold_endpoints,avg_discovery_internal_retries,bm25_k1,bm25_b,bm25_epsilon,batch_size,discovery_retry_limit,rrf_k,label_weight,classes_weight,properties_weight,description_weight,examples_weight,run,split,service_gold
50,0.22,0.6461,3.96,2.28,1.0,1.2,0.75,0.1,50,1,100,0.1,0.25,0.3,0.2,0.15,219,dev,True
50,0.2,0.7589,4.14,2.28,1.02,1.5,0.6,0.1,25,2,20,0.1,0.25,0.3,0.2,0.15,13,dev,True
50,0.2,0.7497,4.26,2.28,1.04,1.2,0.6,0.1,25,2,20,0.1,0.25,0.3,0.2,0.15,4,dev,True
50,0.2,0.7369,4.32,2.28,1.06,1.8,0.6,0.1,25,2,100,0.1,0.25,0.3,0.2,0.15,24,dev,True
50,0.2,0.7043,3.64,2.28,1.14,1.8,0.6,0.25,50,2,100,0.1,0.25,0.3,0.2,0.15,213,dev,True
50,0.2,0.7041,4.68,2.28,1.0,1.2,0.6,0.25,25,1,100,0.1,0.25,0.3,0.2,0.15,30,dev,True
50,0.2,0.6714,4.4,2.28,1.28,1.2,0.75,0.25,50,3,20,0.1,0.25,0.3,0.2,0.15,250,dev,True
50,0.18,0.7491,4.18,2.28,1.1,1.2,0.75,0.1,25,3,60,0.1,0.25,0.3,0.2,0.15,62,dev,True
50,0.18,0.7475,4.14,2.28,1.08,1.8,0.6,0.1,25,2,60,0.1,0.25,0.3,0.2,0.15,23,dev,True
50,0.18,0.7303,3.96,2.28,1.02,1.2,0.6,0.25,25,3,100,0.1,0.25,0.3,0.2,0.15,36,dev,True
50,0.18,0.7292,3.94,2.28,1.16,1.8,0.6,0.1,50,3,60,0.1,0.25,0.3,0.2,0.15,188,dev,True
50,0.18,0.7219,4.42,2.28,1.0,1.5,0.75,0.1,50,1,100,0.1,0.25,0.3,0.2,0.15,228,dev,True
50,0.18,0.7114,3.92,2.28,1.08,1.2,0.75,0.1,50,2,20,0.1,0.25,0.3,0.2,0.15,220,dev,True
50,0.18,0.689,4.14,2.28,1.0,1.2,0.9,0.1,50,1,20,0.1,0.25,0.3,0.2,0.15,271,dev,True
50,0.18,0.6798,4.14,2.28,1.12,1.8,0.6,0.1,50,2,20,0.1,0.25,0.3,0.2,0.15,184,dev,True
50,0.18,0.6767,4.6,2.28,1.3,1.8,0.75,0.25,50,2,20,0.1,0.25,0.3,0.2,0.15,265,dev,True
50,0.18,0.6684,4.6,2.28,1.18,1.8,0.75,0.1,50,2,60,0.1,0.25,0.3,0.2,0.15,239,dev,True
50,0.16,0.7478,4.0,2.28,1.0,1.2,0.6,0.1,25,1,100,0.1,0.25,0.3,0.2,0.15,3,dev,True
50,0.16,0.7421,4.56,2.28,1.1,1.2,0.6,0.1,25,3,20,0.1,0.25,0.3,0.2,0.15,7,dev,True
50,0.16,0.7307,4.16,2.28,1.0,1.5,0.6,0.1,25,1,20,0.1,0.25,0.3,0.2,0.15,10,dev,True
50,0.16,0.7054,3.8,2.28,1.0,1.2,0.6,0.1,50,1,60,0.1,0.25,0.3,0.2,0.15,164,dev,True
50,0.16,0.7023,4.12,2.28,1.12,1.2,0.75,0.1,50,3,60,0.1,0.25,0.3,0.2,0.15,224,dev,True
50,0.16,0.6977,3.4,2.28,1.0,1.2,0.9,0.1,50,1,60,0.1,0.25,0.3,0.2,0.15,272,dev,True
50,0.16,0.6955,3.74,2.28,1.0,1.8,0.75,0.25,50,1,20,0.1,0.25,0.3,0.2,0.15,262,dev,True
50,0.16,0.6863,3.56,2.28,1.0,1.5,0.75,0.1,50,1,60,0.1,0.25,0.3,0.2,0.15,227,dev,True
50,0.16,0.6855,4.06,2.28,1.1,1.2,0.6,0.25,50,2,20,0.1,0.25,0.3,0.2,0.15,193,dev,True
50,0.16,0.6776,4.8,2.28,1.3,1.2,0.6,0.25,50,3,20,0.1,0.25,0.3,0.2,0.15,196,dev,True
50,0.16,0.6769,4.18,2.28,1.12,1.5,0.6,0.1,50,2,100,0.1,0.25,0.3,0.2,0.15,177,dev,True
50,0.16,0.6623,4.48,2.28,1.42,1.2,0.9,0.1,25,3,60,0.1,0.25,0.3,0.2,0.15,116,dev,True
50,0.16,0.6602,4.28,2.28,1.22,1.8,0.75,0.25,50,3,100,0.1,0.25,0.3,0.2,0.15,270,dev,True
50,0.14,0.7505,4.18,2.28,1.12,1.8,0.6,0.1,25,3,20,0.1,0.25,0.3,0.2,0.15,25,dev,True
50,0.14,0.7404,4.06,2.28,1.0,1.2,0.6,0.1,25,1,60,0.1,0.25,0.3,0.2,0.15,2,dev,True
50,0.14,0.7397,4.16,2.28,1.0,1.5,0.75,0.1,25,1,100,0.1,0.25,0.3,0.2,0.15,66,dev,True
50,0.14,0.7299,4.34,2.28,1.02,1.2,0.6,0.25,25,3,60,0.1,0.25,0.3,0.2,0.15,35,dev,True
50,0.14,0.7293,4.42,2.28,1.06,1.8,0.6,0.1,25,2,20,0.1,0.25,0.3,0.2,0.15,22,dev,True
50,0.14,0.7228,4.68,2.28,1.1,1.2,0.6,0.25,25,2,20,0.1,0.25,0.3,0.2,0.15,31,dev,True
50,0.14,0.7226,4.7,2.28,1.12,1.5,0.75,0.1,25,3,100,0.1,0.25,0.3,0.2,0.15,72,dev,True
50,0.14,0.7199,4.5,2.28,1.0,1.5,0.6,0.1,25,1,60,0.1,0.25,0.3,0.2,0.15,11,dev,True
50,0.14,0.7177,4.44,2.28,1.0,1.2,0.75,0.1,25,1,20,0.1,0.25,0.3,0.2,0.15,55,dev,True
50,0.14,0.717,4.36,2.28,1.0,1.8,0.6,0.1,25,1,20,0.1,0.25,0.3,0.2,0.15,19,dev,True
50,0.14,0.7167,4.84,2.28,1.0,1.5,0.75,0.25,25,1,60,0.1,0.25,0.3,0.2,0.15,92,dev,True
50,0.14,0.7166,4.12,2.28,1.26,1.8,0.75,0.1,50,3,20,0.1,0.25,0.3,0.2,0.15,241,dev,True
50,0.14,0.713,4.74,2.28,1.02,1.8,0.75,0.1,25,3,20,0.1,0.25,0.3,0.2,0.15,79,dev,True
50,0.14,0.7126,4.6,2.28,1.1,1.5,0.6,0.1,25,3,20,0.1,0.25,0.3,0.2,0.15,16,dev,True
50,0.14,0.712,3.6,2.28,1.0,1.5,0.75,0.1,50,1,20,0.1,0.25,0.3,0.2,0.15,226,dev,True
50,0.14,0.7048,3.86,2.28,1.12,1.5,0.75,0.1,50,2,100,0.1,0.25,0.3,0.2,0.15,231,dev,True
50,0.14,0.7029,3.9,2.28,1.0,1.2,0.6,0.1,50,1,20,0.1,0.25,0.3,0.2,0.15,163,dev,True
50,0.14,0.7017,4.24,2.28,1.24,1.5,0.6,0.1,50,3,60,0.1,0.25,0.3,0.2,0.15,179,dev,True
50,0.14,0.7017,4.12,2.28,1.12,1.5,0.75,0.1,50,2,20,0.1,0.25,0.3,0.2,0.15,229,dev,True
50,0.14,0.7017,4.2,2.28,1.14,1.5,0.75,0.25,50,2,20,0.1,0.25,0.3,0.2,0.15,256,dev,True
50,0.14,0.696,4.1,2.28,1.12,1.2,0.9,0.1,50,2,60,0.1,0.25,0.3,0.2,0.15,275,dev,True
50,0.14,0.6959,4.38,2.28,1.2,1.5,0.75,0.1,50,3,20,0.1,0.25,0.3,0.2,0.15,232,dev,True
50,0.14,0.6909,3.72,2.28,1.0,1.5,0.6,0.25,50,1,60,0.1,0.25,0.3,0.2,0.15,200,dev,True
50,0.14,0.6864,4.36,2.28,1.1,1.2,0.75,0.1,50,2,60,0.1,0.25,0.3,0.2,0.15,221,dev,True
50,0.14,0.6838,4.54,2.28,1.18,1.8,0.75,0.1,50,3,100,0.1,0.25,0.3,0.2,0.15,243,dev,True
50,0.14,0.6826,4.08,2.28,1.14,1.5,0.75,0.1,50,2,60,0.1,0.25,0.3,0.2,0.15,230,dev,True
50,0.14,0.6816,4.76,2.28,1.26,1.5,0.75,0.1,50,3,100,0.1,0.25,0.3,0.2,0.15,234,dev,True
50,0.14,0.6732,3.84,2.28,1.0,1.2,0.6,0.1,50,1,100,0.1,0.25,0.3,0.2,0.15,165,dev,True
50,0.14,0.6702,3.78,2.28,1.0,1.8,0.6,0.25,50,1,20,0.1,0.25,0.3,0.2,0.15,208,dev,True
50,0.14,0.6696,4.44,2.28,1.3,1.2,0.9,0.1,25,3,20,0.1,0.25,0.3,0.2,0.15,115,dev,True
50,0.14,0.6672,3.92,2.28,1.0,1.5,0.6,0.1,50,1,100,0.1,0.25,0.3,0.2,0.15,174,dev,True
50,0.14,0.6611,4.48,2.28,1.3,1.8,0.6,0.25,50,3,60,0.1,0.25,0.3,0.2,0.15,215,dev,True
50,0.14,0.6511,4.46,2.28,1.26,1.8,0.9,0.1,25,3,60,0.1,0.25,0.3,0.2,0.15,134,dev,True
50,0.14,0.639,4.06,2.28,1.22,1.8,0.9,0.1,25,2,60,0.1,0.25,0.3,0.2,0.15,131,dev,True
50,0.12,0.7492,3.88,2.28,1.12,1.2,0.6,0.1,50,2,60,0.1,0.25,0.3,0.2,0.15,167,dev,True
50,0.12,0.7387,4.3,2.28,1.06,1.5,0.75,0.1,25,2,100,0.1,0.25,0.3,0.2,0.15,69,dev,True
50,0.12,0.7356,4.32,2.28,1.06,1.5,0.75,0.1,25,3,20,0.1,0.25,0.3,0.2,0.15,70,dev,True
50,0.12,0.7349,4.14,2.28,1.16,1.5,0.6,0.1,50,3,20,0.1,0.25,0.3,0.2,0.15,178,dev,True
50,0.12,0.7337,4.04,2.28,1.0,1.8,0.6,0.1,25,1,60,0.1,0.25,0.3,0.2,0.15,20,dev,True
50,0.12,0.7307,4.64,2.28,1.1,1.5,0.6,0.1,25,3,100,0.1,0.25,0.3,0.2,0.15,18,dev,True
50,0.12,0.7304,4.3,2.28,1.06,1.8,0.75,0.1,25,2,100,0.1,0.25,0.3,0.2,0.15,78,dev,True
50,0.12,0.7254,4.66,2.28,1.0,1.5,0.6,0.1,25,1,100,0.1,0.25,0.3,0.2,0.15,12,dev,True
50,0.12,0.7166,4.36,2.28,1.06,1.5,0.6,0.25,25,3,60,0.1,0.25,0.3,0.2,0.15,44,dev,True
50,0.12,0.7163,4.56,2.28,1.1,1.5,0.75,0.1,25,3,60,0.1,0.25,0.3,0.2,0.15,71,dev,True
50,0.12,0.7147,4.72,2.28,1.12,1.8,0.6,0.1,25,3,100,0.1,0.25,0.3,0.2,0.15,27,dev,True
50,0.12,0.7111,4.4,2.28,1.0,1.2,0.6,0.1,25,1,20,0.1,0.25,0.3,0.2,0.15,1,dev,True
50,0.12,0.7104,4.5,2.28,1.08,1.2,0.75,0.25,25,3,100,0.1,0.25,0.3,0.2,0.15,90,dev,True
50,0.12,0.7103,4.48,2.28,1.0,1.5,0.6,0.25,25,1,20,0.1,0.25,0.3,0.2,0.15,37,dev,True
50,0.12,0.7098,3.98,2.28,1.1,1.2,0.6,0.1,50,2,20,0.1,0.25,0.3,0.2,0.15,166,dev,True
50,0.12,0.7089,5.06,2.28,1.12,1.8,0.6,0.25,25,3,60,0.1,0.25,0.3,0.2,0.15,53,dev,True
50,0.12,0.7058,3.72,2.28,1.0,1.2,0.6,0.25,50,1,20,0.1,0.25,0.3,0.2,0.15,190,dev,True
50,0.12,0.7056,4.42,2.28,1.04,1.2,0.75,0.25,25,3,60,0.1,0.25,0.3,0.2,0.15,89,dev,True
50,0.12,0.7054,4.34,2.28,1.04,1.2,0.75,0.1,25,2,20,0.1,0.25,0.3,0.2,0.15,58,dev,True
50,0.12,0.7033,5.0,2.28,1.1,1.2,0.6,0.1,25,2,60,0.1,0.25,0.3,0.2,0.15,5,dev,True
50,0.12,0.703,4.0,2.28,1.2,1.8,0.75,0.1,50,3,60,0.1,0.25,0.3,0.2,0.15,242,dev,True
50,0.12,0.7028,4.58,2.28,1.0,1.8,0.6,0.25,25,1,60,0.1,0.25,0.3,0.2,0.15,47,dev,True
50,0.12,0.7013,4.02,2.28,1.18,1.2,0.6,0.1,50,3,60,0.1,0.25,0.3,0.2,0.15,170,dev,True
50,0.12,0.7003,4.68,2.28,1.0,1.8,0.75,0.1,25,1,20,0.1,0.25,0.3,0.2,0.15,73,dev,True
50,0.12,0.6953,4.58,2.28,1.08,1.8,0.6,0.25,25,2,20,0.1,0.25,0.3,0.2,0.15,49,dev,True
50,0.12,0.6883,4.4,2.28,1.0,1.5,0.6,0.25,25,1,100,0.1,0.25,0.3,0.2,0.15,39,dev,True
50,0.12,0.6875,3.86,2.28,1.14,1.5,0.6,0.25,50,2,60,0.1,0.25,0.3,0.2,0.15,203,dev,True
50,0.12,0.6844,4.34,2.28,1.24,1.5,0.6,0.1,50,2,60,0.1,0.25,0.3,0.2,0.15,176,dev,True
50,0.12,0.6812,4.46,2.28,1.22,1.8,0.6,0.1,50,3,20,0.1,0.25,0.3,0.2,0.15,187,dev,True
50,0.12,0.6782,4.54,2.28,1.22,1.2,0.6,0.25,50,3,60,0.1,0.25,0.3,0.2,0.15,197,dev,True
50,0.12,0.6757,3.94,2.28,1.0,1.2,0.75,0.25,50,1,20,0.1,0.25,0.3,0.2,0.15,244,dev,True
50,0.12,0.6717,4.42,2.28,1.2,1.2,0.9,0.25,25,3,20,0.1,0.25,0.3,0.2,0.15,142,dev,True
50,0.12,0.6694,4.72,2.28,1.0,1.5,0.6,0.1,50,1,60,0.1,0.25,0.3,0.2,0.15,173,dev,True
50,0.12,0.6663,4.22,2.28,1.0,1.8,0.6,0.1,50,1,60,0.1,0.25,0.3,0.2,0.15,182,dev,True
50,0.12,0.6655,3.74,2.28,1.0,1.2,0.75,0.25,50,1,60,0.1,0.25,0.3,0.2,0.15,245,dev,True
50,0.12,0.6649,4.52,2.28,1.0,1.2,0.75,0.25,25,1,60,0.1,0.25,0.3,0.2,0.15,83,dev,True
50,0.12,0.6549,4.62,2.28,1.2,1.8,0.75,0.25,50,3,20,0.1,0.25,0.3,0.2,0.15,268,dev,True
50,0.12,0.6544,4.36,2.28,1.3,1.5,0.75,0.25,50,3,60,0.1,0.25,0.3,0.2,0.15,260,dev,True
50,0.12,0.6519,3.7,2.28,1.0,1.5,0.75,0.25,50,1,100,0.1,0.25,0.3,0.2,0.15,255,dev,True
50,0.12,0.6352,3.3,2.28,1.0,1.2,0.9,0.1,25,1,60,0.1,0.25,0.3,0.2,0.15,110,dev,True
50,0.12,0.6261,4.04,2.28,1.24,1.2,0.9,0.1,25,2,60,0.1,0.25,0.3,0.2,0.15,113,dev,True
50,0.12,0.6207,4.1,2.28,1.18,1.5,0.75,0.25,50,2,100,0.1,0.25,0.3,0.2,0.15,258,dev,True
50,0.1,0.7389,4.3,2.28,1.08,1.2,0.6,0.1,25,3,60,0.1,0.25,0.3,0.2,0.15,8,dev,True
50,0.1,0.7329,4.54,2.28,1.06,1.8,0.6,0.25,25,2,60,0.1,0.25,0.3,0.2,0.15,50,dev,True
50,0.1,0.7316,4.44,2.28,1.12,1.2,0.75,0.1,25,3,100,0.1,0.25,0.3,0.2,0.15,63,dev,True
50,0.1,0.7305,4.2,2.28,1.14,1.2,0.75,0.1,50,3,20,0.1,0.25,0.3,0.2,0.15,223,dev,True
50,0.1,0.7291,3.98,2.28,1.08,1.5,0.6,0.1,25,2,100,0.1,0.25,0.3,0.2,0.15,15,dev,True
50,0.1,0.7286,4.34,2.28,1.08,1.8,0.6,0.1,25,3,60,0.1,0.25,0.3,0.2,0.15,26,dev,True
50,0.1,0.7206,4.68,2.28,1.06,1.2,0.75,0.25,25,2,20,0.1,0.25,0.3,0.2,0.15,85,dev,True
50,0.1,0.7201,4.34,2.28,1.0,1.2,0.75,0.25,25,1,20,0.1,0.25,0.3,0.2,0.15,82,dev,True
50,0.1,0.7181,4.52,2.28,1.06,1.2,0.75,0.1,25,2,100,0.1,0.25,0.3,0.2,0.15,60,dev,True
50,0.1,0.718,4.58,2.28,1.06,1.5,0.75,0.1,25,2,20,0.1,0.25,0.3,0.2,0.15,67,dev,True
50,0.1,0.717,4.36,2.28,1.0,1.2,0.6,0.25,25,1,60,0.1,0.25,0.3,0.2,0.15,29,dev,True
50,0.1,0.7158,4.34,2.28,1.02,1.8,0.75,0.25,25,2,20,0.1,0.25,0.3,0.2,0.15,103,dev,True
50,0.1,0.7115,4.66,2.28,1.04,1.5,0.6,0.25,25,3,20,0.1,0.25,0.3,0.2,0.15,43,dev,True
50,0.1,0.7115,4.28,2.28,1.0,1.2,0.75,0.1,25,1,60,0.1,0.25,0.3,0.2,0.15,56,dev,True
50,0.1,0.7112,4.62,2.28,1.06,1.5,0.6,0.1,25,2,60,0.1,0.25,0.3,0.2,0.15,14,dev,True
50,0.1,0.7091,4.18,2.28,1.14,1.5,0.6,0.1,50,2,20,0.1,0.25,0.3,0.2,0.15,175,dev,True
50,0.1,0.7086,4.86,2.28,1.08,1.8,0.75,0.1,25,2,60,0.1,0.25,0.3,0.2,0.15,77,dev,True
50,0.1,0.7085,4.72,2.28,1.1,1.2,0.6,0.1,25,3,100,0.1,0.25,0.3,0.2,0.15,9,dev,True
50,0.1,0.7065,4.34,2.28,1.06,1.5,0.6,0.25,25,3,100,0.1,0.25,0.3,0.2,0.15,45,dev,True
50,0.1,0.7044,4.0,2.28,1.0,1.8,0.6,0.25,25,1,100,0.1,0.25,0.3,0.2,0.15,48,dev,True
50,0.1,0.7039,3.76,2.28,1.08,1.8,0.75,0.1,50,2,100,0.1,0.25,0.3,0.2,0.15,240,dev,True
50,0.1,0.7034,4.8,2.28,1.12,1.2,0.6,0.25,25,3,20,0.1,0.25,0.3,0.2,0.15,34,dev,True
50,0.1,0.7025,4.42,2.28,1.28,1.5,0.75,0.1,50,3,60,0.1,0.25,0.3,0.2,0.15,233,dev,True
50,0.1,0.7021,4.58,2.28,1.08,1.5,0.6,0.25,25,2,60,0.1,0.25,0.3,0.2,0.15,41,dev,True
50,0.1,0.7013,3.7,2.28,1.0,1.2,0.9,0.1,25,1,20,0.1,0.25,0.3,0.2,0.15,109,dev,True
50,0.1,0.7004,4.94,2.28,1.1,1.2,0.75,0.1,25,3,20,0.1,0.25,0.3,0.2,0.15,61,dev,True
50,0.1,0.6989,4.3,2.28,1.0,1.5,0.75,0.1,25,1,60,0.1,0.25,0.3,0.2,0.15,65,dev,True
50,0.1,0.6951,4.42,2.28,1.0,1.5,0.75,0.25,25,1,100,0.1,0.25,0.3,0.2,0.15,93,dev,True
50,0.1,0.6937,5.26,2.28,1.1,1.5,0.75,0.25,25,3,20,0.1,0.25,0.3,0.2,0.15,97,dev,True
50,0.1,0.6902,4.04,2.28,1.0,1.2,0.75,0.1,50,1,20,0.1,0.25,0.3,0.2,0.15,217,dev,True
50,0.1,0.6898,4.86,2.28,1.12,1.8,0.75,0.1,25,3,100,0.1,0.25,0.3,0.2,0.15,81,dev,True
50,0.1,0.6887,3.84,2.28,1.12,1.2,0.75,0.1,50,2,100,0.1,0.25,0.3,0.2,0.15,222,dev,True
50,0.1,0.6875,4.48,2.28,1.0,1.8,0.6,0.1,25,1,100,0.1,0.25,0.3,0.2,0.15,21,dev,True
50,0.1,0.6869,4.24,2.28,1.22,1.8,0.75,0.25,50,2,60,0.1,0.25,0.3,0.2,0.15,266,dev,True
50,0.1,0.6854,5.0,2.28,1.0,1.8,0.6,0.25,25,1,20,0.1,0.25,0.3,0.2,0.15,46,dev,True
50,0.1,0.6819,4.74,2.28,1.1,1.2,0.75,0.25,25,2,100,0.1,0.25,0.3,0.2,0.15,87,dev,True
50,0.1,0.6792,3.4,2.28,1.0,1.5,0.9,0.1,25,1,20,0.1,0.25,0.3,0.2,0.15,118,dev,True
50,0.1,0.6765,4.22,2.28,1.18,1.8,0.9,0.1,25,2,20,0.1,0.25,0.3,0.2,0.15,130,dev,True
50,0.1,0.6754,4.08,2.28,1.0,1.8,0.75,0.1,50,1,60,0.1,0.25,0.3,0.2,0.15,236,dev,True
50,0.1,0.6743,4.3,2.28,1.2,1.2,0.9,0.1,50,2,20,0.1,0.25,0.3,0.2,0.15,274,dev,True
50,0.1,0.6742,3.8,2.28,1.0,1.2,0.75,0.1,50,1,60,0.1,0.25,0.3,0.2,0.15,218,dev,True
50,0.1,0.674,3.52,2.28,1.0,1.8,0.6,0.1,50,1,100,0.1,0.25,0.3,0.2,0.15,183,dev,True
50,0.1,0.6699,3.8,2.28,1.0,1.8,0.6,0.1,50,1,20,0.1,0.25,0.3,0.2,0.15,181,dev,True
50,0.1,0.6672,3.94,2.28,1.0,1.5,0.6,0.25,50,1,20,0.1,0.25,0.3,0.2,0.15,199,dev,True
50,0.1,0.6638,3.8,2.28,1.0,1.8,0.75,0.1,50,1,100,0.1,0.25,0.3,0.2,0.15,237,dev,True
50,0.1,0.6634,3.9,2.28,1.2,1.2,0.75,0.25,50,2,100,0.1,0.25,0.3,0.2,0.15,249,dev,True
50,0.1,0.6615,4.58,2.28,1.16,1.2,0.9,0.1,50,2,100,0.1,0.25,0.3,0.2,0.15,276,dev,True
50,0.1,0.6583,4.14,2.28,1.16,1.5,0.6,0.1,50,3,100,0.1,0.25,0.3,0.2,0.15,180,dev,True
50,0.1,0.658,4.38,2.28,1.16,1.8,0.6,0.1,50,2,60,0.1,0.25,0.3,0.2,0.15,185,dev,True
50,0.1,0.6518,4.38,2.28,1.26,1.8,0.75,0.25,50,3,60,0.1,0.25,0.3,0.2,0.15,269,dev,True
50,0.1,0.6512,3.74,2.28,1.0,1.2,0.6,0.25,50,1,60,0.1,0.25,0.3,0.2,0.15,191,dev,True
50,0.1,0.6511,3.7,2.28,1.0,1.8,0.9,0.25,25,1,20,0.1,0.25,0.3,0.2,0.15,154,dev,True
50,0.1,0.6494,4.22,2.28,1.16,1.2,0.75,0.25,50,2,60,0.1,0.25,0.3,0.2,0.15,248,dev,True
50,0.1,0.6487,4.44,2.28,1.18,1.2,0.75,0.1,50,3,100,0.1,0.25,0.3,0.2,0.15,225,dev,True
50,0.1,0.6484,3.96,2.28,1.0,1.5,0.75,0.25,50,1,20,0.1,0.25,0.3,0.2,0.15,253,dev,True
50,0.1,0.6451,4.54,2.28,1.14,1.8,0.6,0.1,50,2,100,0.1,0.25,0.3,0.2,0.15,186,dev,True
50,0.1,0.6439,4.6,2.28,1.24,1.2,0.6,0.1,50,2,100,0.1,0.25,0.3,0.2,0.15,168,dev,True
50,0.1,0.6334,4.02,2.28,1.0,1.8,0.9,0.1,25,1,60,0.1,0.25,0.3,0.2,0.15,128,dev,True
50,0.1,0.6176,3.96,2.28,1.0,1.8,0.6,0.25,50,1,60,0.1,0.25,0.3,0.2,0.15,209,dev,True
50,0.1,0.6103,4.18,2.28,1.0,1.8,0.75,0.25,50,1,60,0.1,0.25,0.3,0.2,0.15,263,dev,True
50,0.1,0.6078,4.42,2.28,1.44,1.8,0.9,0.25,25,3,20,0.1,0.25,0.3,0.2,0.15,160,dev,True
50,0.1,0.599,4.86,2.28,1.26,1.2,0.6,0.25,50,2,60,0.1,0.25,0.3,0.2,0.15,194,dev,True
50,0.1,0.5988,4.4,2.28,1.26,1.8,0.6,0.25,50,3,100,0.1,0.25,0.3,0.2,0.15,216,dev,True
50,0.1,0.5982,4.66,2.28,1.34,1.2,0.75,0.25,50,3,100,0.1,0.25,0.3,0.2,0.15,252,dev,True
50,0.1,0.5856,3.9,2.28,1.0,1.2,0.75,0.25,50,1,100,0.1,0.25,0.3,0.2,0.15,246,dev,True
50,0.08,0.738,4.16,2.28,1.06,1.8,0.6,0.25,25,3,100,0.1,0.25,0.3,0.2,0.15,54,dev,True
50,0.08,0.727,4.4,2.28,1.1,1.8,0.6,0.25,25,2,100,0.1,0.25,0.3,0.2,0.15,51,dev,True
50,0.08,0.723,4.3,2.28,1.0,1.5,0.6,0.25,25,1,60,0.1,0.25,0.3,0.2,0.15,38,dev,True
50,0.08,0.7204,4.44,2.28,1.08,1.5,0.6,0.25,25,2,100,0.1,0.25,0.3,0.2,0.15,42,dev,True
50,0.08,0.7163,4.5,2.28,1.06,1.5,0.75,0.25,25,3,60,0.1,0.25,0.3,0.2,0.15,98,dev,True
50,0.08,0.7137,4.52,2.28,1.06,1.5,0.75,0.1,25,2,60,0.1,0.25,0.3,0.2,0.15,68,dev,True
50,0.08,0.7085,4.68,2.28,1.06,1.5,0.75,0.25,25,3,100,0.1,0.25,0.3,0.2,0.15,99,dev,True
50,0.08,0.7029,4.74,2.28,1.06,1.2,0.6,0.25,25,2,60,0.1,0.25,0.3,0.2,0.15,32,dev,True
50,0.08,0.7021,4.48,2.28,1.0,1.2,0.75,0.1,25,1,100,0.1,0.25,0.3,0.2,0.15,57,dev,True
50,0.08,0.7008,4.76,2.28,1.06,1.5,0.75,0.25,25,2,20,0.1,0.25,0.3,0.2,0.15,94,dev,True
50,0.08,0.6989,4.46,2.28,1.0,1.2,0.75,0.25,25,1,100,0.1,0.25,0.3,0.2,0.15,84,dev,True
50,0.08,0.6977,4.62,2.28,1.06,1.2,0.75,0.1,25,2,60,0.1,0.25,0.3,0.2,0.15,59,dev,True
50,0.08,0.6975,4.78,2.28,1.0,1.8,0.75,0.1,25,1,60,0.1,0.25,0.3,0.2,0.15,74,dev,True
50,0.08,0.6975,4.62,2.28,1.06,1.8,0.75,0.1,25,2,20,0.1,0.25,0.3,0.2,0.15,76,dev,True
50,0.08,0.6961,4.98,2.28,1.08,1.5,0.6,0.25,25,2,20,0.1,0.25,0.3,0.2,0.15,40,dev,True
50,0.08,0.6958,4.78,2.28,1.08,1.5,0.6,0.1,25,3,60,0.1,0.25,0.3,0.2,0.15,17,dev,True
50,0.08,0.6886,4.6,2.28,1.0,1.5,0.75,0.1,25,1,20,0.1,0.25,0.3,0.2,0.15,64,dev,True
50,0.08,0.6864,4.7,2.28,1.04,1.2,0.6,0.25,25,2,100,0.1,0.25,0.3,0.2,0.15,33,dev,True
50,0.08,0.6793,5.12,2.28,1.12,1.8,0.75,0.1,25,3,60,0.1,0.25,0.3,0.2,0.15,80,dev,True
50,0.08,0.6756,4.44,2.28,1.16,1.5,0.9,0.1,25,2,20,0.1,0.25,0.3,0.2,0.15,121,dev,True
50,0.08,0.6632,4.34,2.28,1.16,1.5,0.6,0.25,50,2,20,0.1,0.25,0.3,0.2,0.15,202,dev,True
50,0.08,0.6629,4.0,2.28,1.0,1.5,0.75,0.25,50,1,60,0.1,0.25,0.3,0.2,0.15,254,dev,True
50,0.08,0.6609,4.28,2.28,1.0,1.8,0.75,0.1,50,1,20,0.1,0.25,0.3,0.2,0.15,235,dev,True
50,0.08,0.6569,4.64,2.28,1.2,1.2,0.6,0.1,50,3,100,0.1,0.25,0.3,0.2,0.15,171,dev,True
50,0.08,0.6498,4.78,2.28,1.22,1.8,0.6,0.25,50,2,60,0.1,0.25,0.3,0.2,0.15,212,dev,True
50,0.08,0.6492,3.9,2.28,1.24,1.2,0.9,0.25,25,2,20,0.1,0.25,0.3,0.2,0.15,139,dev,True
50,0.08,0.6468,4.08,2.28,1.2,1.8,0.9,0.1,25,3,20,0.1,0.25,0.3,0.2,0.15,133,dev,True
50,0.08,0.6447,4.52,2.28,1.3,1.5,0.75,0.25,50,3,20,0.1,0.25,0.3,0.2,0.15,259,dev,True
50,0.08,0.6434,3.92,2.28,1.0,1.8,0.9,0.1,25,1,20,0.1,0.25,0.3,0.2,0.15,127,dev,True
50,0.08,0.6427,4.48,2.28,1.3,1.8,0.75,0.25,25,3,20,0.1,0.25,0.3,0.2,0.15,106,dev,True
50,0.08,0.6417,4.58,2.28,1.24,1.8,0.6,0.1,50,3,100,0.1,0.25,0.3,0.2,0.15,189,dev,True
50,0.08,0.6407,4.14,2.28,1.16,1.2,0.75,0.25,50,2,20,0.1,0.25,0.3,0.2,0.15,247,dev,True
50,0.08,0.6381,4.46,2.28,1.32,1.5,0.9,0.25,25,3,20,0.1,0.25,0.3,0.2,0.15,151,dev,True
50,0.08,0.6373,4.76,2.28,1.22,1.8,0.6,0.25,50,2,20,0.1,0.25,0.3,0.2,0.15,211,dev,True
50,0.08,0.6355,3.6,2.28,1.0,1.5,0.9,0.25,25,1,20,0.1,0.25,0.3,0.2,0.15,145,dev,True
50,0.08,0.6262,3.96,2.28,1.0,1.2,0.9,0.1,50,1,100,0.1,0.25,0.3,0.2,0.15,273,dev,True
50,0.08,0.6218,4.24,2.28,1.16,1.2,0.6,0.25,50,2,100,0.1,0.25,0.3,0.2,0.15,195,dev,True
50,0.08,0.6193,4.6,2.28,1.38,1.5,0.9,0.1,25,3,60,0.1,0.25,0.3,0.2,0.15,125,dev,True
50,0.08,0.6177,4.48,2.28,1.2,1.8,0.75,0.25,50,2,100,0.1,0.25,0.3,0.2,0.15,267,dev,True
50,0.08,0.6171,3.98,2.28,1.0,1.8,0.6,0.25,50,1,100,0.1,0.25,0.3,0.2,0.15,210,dev,True
50,0.08,0.6164,4.24,2.28,1.2,1.5,0.6,0.25,50,2,100,0.1,0.25,0.3,0.2,0.15,204,dev,True
50,0.08,0.6152,4.18,2.28,1.22,1.8,0.9,0.25,25,2,20,0.1,0.25,0.3,0.2,0.15,157,dev,True
50,0.08,0.5642,4.46,2.28,1.48,1.8,0.75,0.25,25,3,60,0.1,0.25,0.3,0.2,0.15,107,dev,True
50,0.08,0.5535,3.42,2.28,1.0,1.5,0.9,0.1,25,1,60,0.1,0.25,0.3,0.2,0.15,119,dev,True
50,0.06,0.7173,4.5,2.28,1.08,1.8,0.6,0.25,25,3,20,0.1,0.25,0.3,0.2,0.15,52,dev,True
50,0.06,0.7118,4.46,2.28,1.0,1.2,0.6,0.25,25,1,20,0.1,0.25,0.3,0.2,0.15,28,dev,True
50,0.06,0.7057,4.88,2.28,1.08,1.5,0.75,0.25,25,2,60,0.1,0.25,0.3,0.2,0.15,95,dev,True
50,0.06,0.7039,4.54,2.28,1.06,1.2,0.6,0.1,25,2,100,0.1,0.25,0.3,0.2,0.15,6,dev,True
50,0.06,0.6994,4.7,2.28,1.1,1.2,0.75,0.25,25,3,20,0.1,0.25,0.3,0.2,0.15,88,dev,True
50,0.06,0.6971,4.68,2.28,1.08,1.2,0.75,0.25,25,2,60,0.1,0.25,0.3,0.2,0.15,86,dev,True
50,0.06,0.6793,4.72,2.28,1.0,1.5,0.75,0.25,25,1,20,0.1,0.25,0.3,0.2,0.15,91,dev,True
50,0.06,0.6763,4.96,2.28,1.0,1.8,0.75,0.25,25,1,20,0.1,0.25,0.3,0.2,0.15,100,dev,True
50,0.06,0.6745,4.44,2.28,1.24,1.5,0.6,0.25,50,3,60,0.1,0.25,0.3,0.2,0.15,206,dev,True
50,0.06,0.6744,5.26,2.28,1.1,1.8,0.75,0.25,25,2,100,0.1,0.25,0.3,0.2,0.15,105,dev,True
50,0.06,0.6504,4.54,2.28,1.14,1.8,0.75,0.1,50,2,20,0.1,0.25,0.3,0.2,0.15,238,dev,True
50,0.06,0.6429,4.12,2.28,1.2,1.5,0.6,0.25,50,3,20,0.1,0.25,0.3,0.2,0.15,205,dev,True
50,0.06,0.6357,3.7,2.28,1.0,1.8,0.75,0.25,50,1,100,0.1,0.25,0.3,0.2,0.15,264,dev,True
50,0.06,0.6335,4.42,2.28,1.26,1.2,0.75,0.25,50,3,60,0.1,0.25,0.3,0.2,0.15,251,dev,True
50,0.06,0.6299,4.34,2.28,1.22,1.2,0.9,0.1,25,2,20,0.1,0.25,0.3,0.2,0.15,112,dev,True
50,0.06,0.6263,4.58,2.28,1.2,1.5,0.75,0.25,50,2,60,0.1,0.25,0.3,0.2,0.15,257,dev,True
50,0.06,0.6221,4.34,2.28,1.46,1.2,0.6,0.25,50,3,100,0.1,0.25,0.3,0.2,0.15,198,dev,True
50,0.06,0.6192,4.54,2.28,1.28,1.5,0.75,0.25,50,3,100,0.1,0.25,0.3,0.2,0.15,261,dev,True
50,0.06,0.6127,4.5,2.28,1.28,1.5,0.6,0.25,50,3,100,0.1,0.25,0.3,0.2,0.15,207,dev,True
50,0.06,0.6064,3.58,2.28,1.0,1.2,0.6,0.25,50,1,100,0.1,0.25,0.3,0.2,0.15,192,dev,True
50,0.06,0.603,3.96,2.28,1.22,1.5,0.9,0.1,25,2,60,0.1,0.25,0.3,0.2,0.15,122,dev,True
50,0.06,0.5961,3.9,2.28,1.22,1.2,0.9,0.25,25,2,60,0.1,0.25,0.3,0.2,0.15,140,dev,True
50,0.06,0.5691,3.38,2.28,1.0,1.5,0.9,0.25,25,1,60,0.1,0.25,0.3,0.2,0.15,146,dev,True
50,0.06,0.5663,3.88,2.28,1.0,1.8,0.9,0.25,25,1,60,0.1,0.25,0.3,0.2,0.15,155,dev,True
50,0.06,0.5362,3.74,2.28,1.0,1.2,0.9,0.25,25,1,60,0.1,0.25,0.3,0.2,0.15,137,dev,True
50,0.06,0.5028,4.84,2.28,1.58,1.5,0.9,0.1,25,2,100,0.1,0.25,0.3,0.2,0.15,123,dev,True
50,0.04,0.7001,4.66,2.28,1.0,1.8,0.75,0.25,25,1,60,0.1,0.25,0.3,0.2,0.15,101,dev,True
50,0.04,0.6981,4.76,2.28,1.04,1.5,0.75,0.25,25,2,100,0.1,0.25,0.3,0.2,0.15,96,dev,True
50,0.04,0.696,4.72,2.28,1.08,1.8,0.75,0.25,25,2,60,0.1,0.25,0.3,0.2,0.15,104,dev,True
50,0.04,0.6538,4.9,2.28,1.24,1.2,0.6,0.1,50,3,20,0.1,0.25,0.3,0.2,0.15,169,dev,True
50,0.04,0.6469,4.58,2.28,1.0,1.8,0.75,0.25,25,1,100,0.1,0.25,0.3,0.2,0.15,102,dev,True
50,0.04,0.6469,3.92,2.28,1.0,1.5,0.6,0.1,50,1,20,0.1,0.25,0.3,0.2,0.15,172,dev,True
50,0.04,0.6356,4.34,2.28,1.28,1.8,0.6,0.25,50,3,20,0.1,0.25,0.3,0.2,0.15,214,dev,True
50,0.04,0.6263,4.28,2.28,1.34,1.5,0.9,0.1,25,3,20,0.1,0.25,0.3,0.2,0.15,124,dev,True
50,0.04,0.6135,4.22,2.28,1.46,1.5,0.9,0.25,25,3,60,0.1,0.25,0.3,0.2,0.15,152,dev,True
50,0.04,0.6078,3.82,2.28,1.0,1.5,0.6,0.25,50,1,100,0.1,0.25,0.3,0.2,0.15,201,dev,True
50,0.04,0.5989,4.26,2.28,1.3,1.5,0.9,0.25,25,2,60,0.1,0.25,0.3,0.2,0.15,149,dev,True
50,0.04,0.5869,4.34,2.28,1.18,1.5,0.9,0.25,25,2,20,0.1,0.25,0.3,0.2,0.15,148,dev,True
50,0.04,0.5763,4.2,2.28,1.36,1.8,0.9,0.25,25,2,60,0.1,0.25,0.3,0.2,0.15,158,dev,True
50,0.04,0.5564,4.26,2.28,1.52,1.2,0.9,0.25,25,3,60,0.1,0.25,0.3,0.2,0.15,143,dev,True
50,0.04,0.4714,4.94,2.28,1.66,1.5,0.9,0.25,25,2,100,0.1,0.25,0.3,0.2,0.15,150,dev,True
50,0.02,0.6874,4.6,2.28,1.0,1.8,0.75,0.1,25,1,100,0.1,0.25,0.3,0.2,0.15,75,dev,True
50,0.02,0.6035,3.38,2.28,1.0,1.2,0.9,0.25,25,1,20,0.1,0.25,0.3,0.2,0.15,136,dev,True
50,0.02,0.5449,5.4,2.28,1.58,1.8,0.9,0.25,25,3,60,0.1,0.25,0.3,0.2,0.15,161,dev,True
50,0.02,0.5021,5.36,2.28,1.72,1.8,0.9,0.1,25,2,100,0.1,0.25,0.3,0.2,0.15,132,dev,True
50,0.02,0.4867,5.54,2.28,1.74,1.2,0.9,0.1,25,2,100,0.1,0.25,0.3,0.2,0.15,114,dev,True
50,0.02,0.4797,5.54,2.28,1.94,1.2,0.9,0.1,25,3,100,0.1,0.25,0.3,0.2,0.15,117,dev,True
50,0.02,0.4546,5.02,2.28,1.6,1.2,0.9,0.25,25,2,100,0.1,0.25,0.3,0.2,0.15,141,dev,True
50,0.02,0.3139,3.08,2.28,1.0,1.8,0.9,0.25,25,1,100,0.1,0.25,0.3,0.2,0.15,156,dev,True
50,0.02,0.2861,3.46,2.28,1.0,1.5,0.9,0.1,25,1,100,0.1,0.25,0.3,0.2,0.15,120,dev,True
50,0.02,0.286,3.56,2.28,1.0,1.8,0.9,0.1,25,1,100,0.1,0.25,0.3,0.2,0.15,129,dev,True
50,0.0,0.4884,5.66,2.28,1.92,1.8,0.9,0.25,25,3,100,0.1,0.25,0.3,0.2,0.15,162,dev,True
50,0.0,0.4783,5.16,2.28,1.72,1.5,0.9,0.25,25,3,100,0.1,0.25,0.3,0.2,0.15,153,dev,True
50,0.0,0.4721,5.42,2.28,1.7,1.5,0.9,0.1,25,3,100,0.1,0.25,0.3,0.2,0.15,126,dev,True
50,0.0,0.47,5.76,2.28,1.84,1.2,0.9,0.25,25,3,100,0.1,0.25,0.3,0.2,0.15,144,dev,True
50,0.0,0.4552,6.08,2.28,1.8,1.8,0.9,0.1,25,3,100,0.1,0.25,0.3,0.2,0.15,135,dev,True
50,0.0,0.4426,5.36,2.28,1.72,1.8,0.9,0.25,25,2,100,0.1,0.25,0.3,0.2,0.15,159,dev,True
50,0.0,0.4284,5.44,2.28,1.84,1.8,0.75,0.25,25,3,100,0.1,0.25,0.3,0.2,0.15,108,dev,True
50,0.0,0.3192,3.92,2.28,1.0,1.5,0.9,0.25,25,1,100,0.1,0.25,0.3,0.2,0.15,147,dev,True
50,0.0,0.2898,3.64,2.28,1.0,1.2,0.9,0.25,25,1,100,0.1,0.25,0.3,0.2,0.15,138,dev,True
50,0.0,0.2857,3.48,2.28,1.0,1.2,0.9,0.1,25,1,100,0.1,0.25,0.3,0.2,0.15,111,dev,True
